,0,1,2,3,4,5,6,7,8
0,5,5,3.150118589,-0.494410187,0.449246705,-4.558160305,-1.615965247,4.657508373,-3.002609253
1,0,0,4.605618954,-1.027346253,0.888219297,-2.764625549,-1.006865859,0.164645731,-2.901469707
2,5,5,2.795189142,-1.095743895,-0.610761464,-3.756397963,-1.130642772,4.94574976,-2.35165143
3,2,2,2.954913378,-1.265049696,5.266870975,-2.844876289,-1.567381859,-0.375158787,-3.265856504
4,5,5,2.465557575,-1.557255864,-0.439577758,-2.09522748,-0.221987039,3.909484148,-2.773689032
5,0,0,5.186988354,-1.437618136,0.153865695,-4.428600311,1.092882514,0.490747869,-3.191961527
6,0,0,5.794248581,-1.349926591,-0.430903971,-3.582608223,0.808105469,-0.239469975,-3.291887999
7,0,0,5.158684731,-0.502480626,2.321991444,-3.449414968,-1.250639915,-0.745899916,-3.92367959
8,0,0,5.113815784,-1.769297242,-0.580441952,-2.95002389,0.422194123,-0.19833082,-1.99416256
9,1,1,2.262608051,5.059793949,0.570738196,-3.386647224,-1.104770184,-0.434535563,-3.4658463
10,2,2,1.321582198,-0.533142924,4.870795727,-1.746782184,-0.820584953,-0.145965874,-2.883238077
11,3,3,-1.605657458,-1.333804607,1.876947999,4.496070862,1.328321099,-1.155791759,-1.598841786
12,2,2,2.086330175,-0.389632672,5.292428017,-2.360823393,-0.962313235,-0.841403246,-3.131542206
13,0,0,4.564897537,-0.95942843,-0.353376567,-3.624193668,0.910092592,-0.713673353,-1.609476089
14,0,0,4.984200954,0.651968002,-0.288969457,-3.027906895,-0.664080143,-0.836093426,-2.934432983
15,2,2,2.599701881,-0.292779237,5.185724258,-3.330888033,-1.274225831,-0.027671818,-3.556755543
16,2,2,2.34115839,0.201790333,4.862622738,-2.655823708,-2.078512907,-0.033317931,-3.317780495
17,5,5,2.568239212,-2.037564039,-0.628455937,-3.220270634,-0.582185686,4.735488415,-1.769005418
18,0,0,6.058413029,-0.832583606,0.821162283,-4.685520649,-0.865081489,0.36690402,-3.670933962
19,0,0,4.53809166,0.352856457,1.429611802,-3.898665905,-0.387830585,-0.715540349,-3.19944334
20,2,2,1.351220012,-0.008000419,5.099399567,-1.814286113,-0.637596846,-0.343226552,-3.653744698
21,0,0,5.03357029,0.294938475,0.313931197,-3.518826485,-1.384924173,-0.01073394,-2.899960995
22,5,5,2.564543247,-1.004188299,-0.114983901,-3.271122456,-1.746590614,4.556041718,-1.97026062
23,2,2,0.932901859,-0.628898501,6.137883186,-1.474775076,-1.547643304,-0.339533091,-2.849495173
24,0,0,4.096618176,-2.206815243,0.221283033,-2.545125246,0.195257425,0.536953211,-2.087050438
25,0,0,5.268519402,0.247768864,1.150068521,-3.672236443,-1.644673109,-0.840921581,-2.87869978
26,2,2,2.097546339,0.250655323,4.492661476,-2.519864559,-0.898965955,-0.751931548,-3.062530756
27,0,0,5.68607235,-1.0266397,0.892624259,-3.899740696,-0.381430179,-0.025261447,-3.734767675
28,0,0,5.500292778,-1.596887589,-1.258704424,-3.208521843,0.531285822,0.597120106,-2.847759008
29,0,0,4.795017242,-1.413575649,-0.964332461,-2.824902773,0.233965516,0.798619747,-2.642379761
30,0,0,5.106848717,-0.182984531,-0.011397477,-3.793528318,-0.419293553,-0.008038029,-3.036959648
31,0,0,4.345794678,-2.204892874,-0.741818488,-3.461025,0.738231778,1.067614913,-1.683998346
32,5,5,2.216788054,-1.231766939,-1.298927188,-4.322590828,-0.630483627,4.701334,-0.433023095
33,0,0,5.02023077,-2.353051901,-0.74688679,-2.563437939,0.815463901,0.412798107,-2.657692909
34,0,0,4.354196072,-1.316248894,-0.177545592,-2.676564455,0.037245672,0.493130445,-2.396025658
35,0,0,4.608476639,-1.360280752,0.450428843,-2.417141676,-0.137748376,-0.367599607,-2.634017944
36,4,4,1.762329817,-1.021439791,-1.720206738,-2.935742855,5.049147606,-0.935077786,-0.514309883
37,0,0,4.467905045,-2.320631981,-0.530309319,-3.68688941,1.37945354,0.668593109,-1.807413578
38,0,0,5.158819199,-1.196068287,-0.905809999,-4.297865868,0.316204339,1.025273442,-2.352867365
39,0,0,5.126673698,-1.32595706,-0.282997727,-3.41829443,1.297648549,-0.319094151,-2.998390675
40,0,0,5.131071568,-1.139392138,-0.548639834,-3.204547882,0.717382431,0.037255131,-2.808880091
41,0,0,4.819332123,-0.577600002,0.255404562,-3.609511375,-0.751313388,0.589461803,-2.6930058
42,0,0,5.195303917,-1.838689327,0.137229711,-2.982520342,-1.483210921,1.504454374,-2.85990572
43,5,5,1.659670711,-2.255522966,1.063253284,-2.475237846,-0.441066206,4.586148262,-2.599257708
44,4,4,-1.08346808,-1.830309391,-1.089242578,-0.127832204,6.610340118,-0.688410044,-0.12516287
45,0,0,5.709325314,-0.924845815,0.159085453,-3.75022912,-0.903096795,0.151686147,-3.005893707
46,2,2,3.237059593,-1.316500664,5.079717636,-2.782640696,-0.876325488,-0.985007048,-3.719023228
47,0,0,5.243789673,-1.478011489,-0.479923815,-2.452679396,-0.312008739,-0.050102469,-2.564276218
48,2,2,1.994746327,-0.700058579,4.566408157,-2.378919601,-0.4151254,-0.600846291,-2.922198296
49,0,0,5.403521538,-0.494442523,-0.168905288,-4.089728832,-0.266959071,0.783329308,-3.263570547
50,2,2,2.790112019,-1.711687565,4.749777794,-1.765784979,-0.373716474,-0.732134521,-3.605950832
51,0,0,4.830511093,0.492604196,1.210093379,-4.32581234,-0.473751426,-0.2767241,-3.495723248
52,4,4,1.670406342,-2.31237793,-1.1517694,-1.393873215,4.417702198,-0.475051403,-0.877534628
53,0,0,4.747745514,-2.253458977,-1.858082891,-4.69268465,-0.315762848,2.654604673,-0.734985113
54,0,0,4.348689556,0.31921047,2.738682032,-3.892334938,-1.206046343,0.063895844,-4.245479107
55,0,0,4.916928291,-0.513550639,0.483180076,-3.302593946,-0.623843372,-0.210140899,-2.939818859
56,5,5,1.965650558,-1.572493076,-1.177159309,-2.768839121,0.428855002,3.746561527,-1.435533881
57,5,5,1.827359557,-1.680604815,-0.008173471,-2.88637948,-0.237974197,4.267635822,-1.799912333
58,0,0,5.025215149,-0.757353306,-0.953321695,-2.981108665,0.111864507,-0.260902554,-2.324828625
59,5,5,2.481287956,-0.878247619,-0.204513624,-3.987935305,-0.882135689,5.246473312,-2.767730713
60,0,0,4.730091572,-1.974873304,0.029828399,-3.312525511,0.840507567,0.392455876,-2.638388395
61,0,5,2.905444145,-1.773744702,0.713408768,-3.420477867,-1.24192524,3.603533745,-2.054335117
62,2,2,1.983812213,-0.682523847,5.104840279,-2.368179798,-0.106238171,-1.161112309,-3.10684371
63,0,0,4.469852448,-1.690410852,-0.879516661,-3.206276894,-0.06024887,1.555847526,-2.208344936
64,0,0,5.740546227,-2.226355314,-0.911396384,-3.160252571,-0.002897942,1.037602305,-3.072834969
65,0,0,4.874796391,-1.295914412,-0.180884033,-2.332013607,-0.999015033,0.063256472,-1.938597798
66,0,0,4.417819977,-2.039935827,-1.35440731,-3.722721577,-0.133760601,1.647377729,-0.595608354
67,0,0,4.576082706,-0.305986136,2.905898809,-3.553560734,-1.527767777,-0.594219029,-3.384328604
68,0,0,3.928337812,-2.570874691,2.141840458,-1.955831528,-1.874963045,0.794856191,-2.062114477
69,5,5,3.103426695,-1.683790207,-0.445991874,-3.442071199,-1.150416136,5.121579647,-2.654355049
70,5,5,0.324485183,-2.640910625,-0.66950357,-0.927642643,1.659837484,3.930288076,-1.100016952
71,0,0,5.719155788,-1.89536643,-0.686461866,-3.277709007,-0.667723715,0.715590656,-2.287144423
72,0,0,4.562311649,-2.37977314,-0.770068765,-2.04541564,1.312331796,0.129232675,-2.726176739
73,5,5,1.940997124,-1.772250891,-1.112077475,-4.331424713,-0.26168251,4.827111721,-0.194704771
74,0,0,5.001467228,-1.950449467,0.234928578,-2.307267904,-0.207145065,-0.605507076,-2.178570747
75,0,0,4.851115227,-0.641804934,0.211547807,-2.959794998,-0.726543963,0.133827999,-3.002584934
76,0,0,6.076830864,-1.367795706,-0.13248685,-4.530103683,-0.710211337,1.332143307,-3.351777792
77,0,0,5.619832516,-2.034723759,-0.528995752,-2.905486345,-0.258359224,0.491742879,-2.743887424
78,0,0,5.022109509,-2.088686228,0.646110296,-2.670006037,1.688682914,-1.608691454,-2.861168146
79,0,0,4.885016441,-1.731116891,-0.240424678,-3.372239828,-0.147629917,0.502137661,-1.951037288
80,0,0,4.734482288,-2.056545258,-0.483101428,-3.493985176,-0.204811513,1.785329342,-2.276529074
81,4,4,1.086091638,-1.476409197,-0.684470534,-0.8407408,4.872882366,-0.551637828,-1.941907048
82,2,2,2.379607677,-1.006896615,5.1067729,-1.925349951,-1.393592,-0.484804839,-3.175845385
83,0,0,4.939348221,-1.178387165,0.648907602,-2.850942373,-0.356944174,-0.509181976,-2.768650293
84,0,0,5.4575634,-1.478487849,-0.006560737,-4.421953201,0.724350035,0.548894405,-3.171647072
85,0,0,4.354552269,-0.47313112,0.928934515,-2.862468004,0.038150661,-0.645041406,-2.945616961
86,0,0,4.948965073,-2.843602657,-1.863225698,-3.522760868,3.304035664,0.36328581,-2.491161585
87,4,4,0.840018451,-2.194338322,-2.341236353,-1.679534674,5.364373207,-0.135631144,0.407872856
88,0,0,5.774317741,-2.897995949,-0.641987741,-3.838941574,0.147633225,1.943271518,-3.138218403
89,5,5,2.765608311,-1.805443406,-1.617439866,-3.698941946,-0.40027234,4.501400948,-0.787411392
90,2,2,2.477115154,-0.251532853,4.102753639,-0.881600261,-1.664602876,-0.919782877,-3.307769299
91,5,0,3.981622219,-1.103644848,-1.367550731,-4.348536015,-1.107732892,3.547456026,-1.294349194
92,2,2,1.864175081,0.439391375,4.449002743,-2.339557171,-1.225024462,-0.615958273,-3.066010714
93,0,0,5.582623959,-0.924753904,-1.007082224,-4.76657486,-0.436135918,1.456327558,-2.499440193
94,0,0,5.299100399,-1.809225798,-0.443629116,-3.511680365,-0.111165367,0.741585553,-2.581699133
95,4,4,0.99877429,-1.719817877,-1.448135018,-1.871306896,5.936971664,-0.058234893,-1.606861353
96,4,4,1.617960334,-1.493439913,-0.739884973,-2.233446836,4.870379448,-0.778501034,-1.232316136
97,0,0,4.473860741,-1.555631638,0.985147059,-1.152035952,0.06098213,-1.176721215,-3.378213167
98,2,2,1.0801754,1.688658476,4.994062901,-0.254588008,-1.549775004,-1.993356586,-3.598513126
99,4,4,1.322761059,-0.802221894,-0.306131423,-2.974145174,4.315036297,-0.618700743,-0.949857235
100,0,0,5.350598812,-2.238718033,1.445043921,-3.93819952,0.384997874,0.179616436,-3.582036495
101,1,1,1.498813152,4.832984447,1.676405549,-2.896013737,-1.455479741,-0.834634364,-2.756692886
102,0,0,6.081454754,-1.432801962,1.162899971,-3.522988558,-0.718216419,-0.22913067,-3.899818897
103,0,0,4.2774086,-2.189615965,-0.856341362,-3.229235649,2.422829151,-0.265300393,-1.982967496
104,0,0,4.594050407,-2.139088154,1.391873002,-2.568640709,-0.168383196,-0.281304836,-2.806926727
105,5,5,3.576731443,-1.577854156,-0.714600205,-3.813020706,-1.313796878,4.243618965,-1.850954175
106,5,5,2.653377533,-2.208686113,-0.832747281,-3.708673954,0.241241276,4.684586525,-1.737740874
107,1,1,2.149477005,4.413713932,1.442912579,-3.260807991,-1.70864892,-0.463249207,-3.062271357
108,6,6,2.421444893,-1.611081243,-0.954124331,-3.75101757,-1.296727419,-0.082350656,4.241097927
109,0,0,4.957490444,-0.086006366,-0.431351423,-3.562489986,-1.366259933,0.850049257,-2.566006184
110,0,0,5.521232605,-1.146440625,0.181776226,-4.382559299,0.397951484,0.266086161,-3.254734278
111,0,0,4.466345787,-1.168508887,1.433422089,-2.153683424,-1.478650093,0.018755976,-3.058807373
112,0,0,4.948673725,-0.503277063,1.092240095,-1.824683905,-1.611638784,-0.998723865,-3.037333727
113,4,4,0.935283184,-1.993278384,-1.092676759,-2.129435539,5.012173653,0.164705813,-0.65684402
114,0,0,5.095211983,-1.882510066,-0.425172418,-3.913029671,2.542131424,-0.343708694,-3.070478439
115,2,2,2.027791977,0.218469188,5.600131035,-2.856862068,-1.348216534,-0.443060488,-3.485488653
116,4,4,-1.601495981,-1.85424459,-2.116092443,2.779615879,6.524452686,-1.362938166,-0.356344074
117,0,0,5.081879616,-0.688203394,-0.25665018,-2.944423676,-0.76834929,-0.037664443,-2.52998662
118,0,0,5.01003027,-2.101958275,-0.687507927,-2.811866522,1.235492229,-0.003896937,-2.679922342
119,2,2,2.918779612,-1.318933725,5.530125141,-3.146566629,-0.6591416,-0.408497244,-3.650081158
120,0,0,4.873409748,-1.576208234,-1.075954556,-4.18218565,-0.676464379,2.40000248,-2.184607506
121,0,0,5.518033504,-0.961979806,0.609077811,-3.405744076,-0.467287511,0.402736008,-3.965892553
122,0,0,5.149055481,-1.816208124,-1.179524183,-2.209443331,0.740158558,-0.395356119,-2.523651361
123,0,0,5.628239632,-0.676641405,-0.279043764,-3.852057219,-0.835826576,0.309748292,-2.856402874
124,2,2,2.268545151,-0.751263738,4.932681084,-3.203953266,0.295081824,-0.370002687,-3.719970226
125,0,0,5.301235199,-0.500839293,0.908073664,-4.252033234,0.100529321,-0.735066354,-3.051304817
126,0,0,5.359770298,-0.704274833,-0.240537912,-3.910199881,-0.305152535,0.168819189,-2.833038568
127,0,0,5.379512787,-0.714329243,-0.726538777,-4.111241817,-0.241018727,0.980266154,-2.991690636
128,5,5,3.744897604,-1.988728166,-0.780570865,-4.275648117,-1.081473112,5.53470993,-2.944848299
129,0,0,5.238582611,-1.266628742,-0.95045656,-4.569342613,0.308601022,0.570717752,-1.739058733
130,0,0,5.00737524,-1.675576448,-1.335590124,-4.836698055,-1.048925877,3.021876335,-1.582562804
131,4,4,0.347327292,-2.217428207,-3.067730188,-2.011693954,6.00038147,1.704005837,-0.135879293
132,0,0,4.730115414,-1.164265156,2.448074818,-3.136393547,-1.09004879,-0.43932724,-3.455844879
133,2,2,2.153285265,-0.913729608,5.163975239,-1.495829344,-1.291748643,-0.648161232,-3.268796921
134,0,0,4.870735168,-1.442068815,-1.471803665,-3.77530551,-0.527315676,2.017127037,-1.938693643
135,0,0,4.708714962,-1.091331005,-1.058627844,-4.146081924,0.618496358,0.903251827,-2.001690865
136,2,2,1.538187265,0.356024593,4.905540943,-2.646423578,-1.014324546,0.215865076,-3.563938379
137,5,5,3.264823437,-1.613647461,-0.616781712,-4.254542351,-1.187776685,4.792299747,-1.924008608
138,1,1,2.228518486,4.451072693,0.052691802,-2.127318144,-1.484056354,-1.371456623,-2.155135155
139,0,0,4.702567101,-1.004189849,-0.368459314,-3.19082284,-0.275189936,0.670055985,-2.536262274
140,5,5,2.276895523,-1.052980781,-1.189677119,-3.836916924,-1.022664547,4.491013527,-0.490411609
141,4,4,3.541022778,-1.635617137,-1.80059576,-2.456360102,3.971077442,-0.619977593,-2.139922619
142,0,0,5.695615768,-1.592824221,0.531424105,-3.411315441,-0.117819108,-0.006656472,-3.447504997
143,0,0,4.880643845,-0.555058897,0.567433476,-4.230952263,-0.222718909,0.515323699,-3.017003536
144,0,0,5.001665115,-1.480516791,-0.378063321,-3.083916426,-0.767639935,1.663034797,-3.010196686
145,0,0,5.261313438,-0.5502823,0.83499825,-3.899734497,-1.61858356,0.972049296,-3.392914295
146,0,0,5.368194103,-1.012040138,0.294240326,-3.389327765,-1.102237821,0.380295545,-3.062418461
147,1,1,1.447063804,4.697739124,-0.331670851,-3.7188766,-2.842695713,2.040659666,-1.823411703
148,2,2,3.275640488,-1.26663053,5.155173302,-3.436765432,-1.062496543,0.319976389,-4.199471951
149,0,0,5.161361694,-0.173639566,1.115590811,-3.510364056,-0.297947079,0.042242937,-4.383393288
150,4,4,0.872770488,-2.355953217,-1.998040438,-0.985115409,6.002564907,-0.789302588,-0.198408902
151,0,0,4.342648029,-2.971626282,-1.62888968,-2.030211449,0.864146352,0.733500957,-1.120868206
152,0,0,5.483567238,-0.260341048,1.721639156,-4.183619976,-1.38463974,0.000355504,-3.854671955
153,0,0,4.059952736,-0.809526622,0.404870242,-3.713699579,0.53884691,0.327151924,-2.474537849
154,0,0,5.316917419,-0.053608812,0.576032102,-4.742718697,-0.66099292,0.493032485,-3.357911587
155,0,0,5.405096054,-0.688217938,0.20668827,-3.554927588,-1.192936182,0.408475906,-2.980293989
156,4,4,2.133214951,-2.092636824,-0.441266388,-2.257996798,3.894171953,-0.273850709,-1.362547636
157,0,0,5.380114555,-1.127950668,0.64226687,-4.044510365,-1.24025166,0.693428755,-2.818155289
158,0,0,5.186840534,-1.415898681,-1.090677261,-3.326119184,-0.739305615,1.595704913,-2.256019592
159,3,3,-0.655017257,-0.26161465,1.026267409,4.348447323,-0.470847726,-0.369262546,-2.240491867
160,4,4,1.082226872,-1.584602594,-0.943316877,-2.431843042,6.162857056,-0.105361179,-1.940426826
161,0,0,4.593945503,-1.97521174,-0.811389685,-3.110438347,-1.710677743,2.610675812,-1.756238461
162,5,5,2.466575146,-0.76239121,-0.12895149,-3.990473986,-1.591228127,5.147913933,-2.120601416
163,0,0,5.154865742,-1.432874084,0.23960036,-2.959709644,0.702859223,-0.298219711,-3.655537844
164,0,0,5.198152542,-1.343976736,-1.147551179,-3.603028059,0.250030667,0.112791292,-1.727246046
165,5,5,2.876183987,-1.525699854,0.01247883,-3.951429844,-1.04519856,5.084806442,-2.859666109
166,4,4,1.30871284,-1.405482531,-1.113293767,-2.385278702,4.963398933,-0.883946776,-0.496438086
167,5,5,2.010963917,-2.047915459,-1.426924348,-3.571920633,0.113834918,4.684642792,-0.532050788
168,4,4,0.489095688,-1.585255027,-0.222507089,-0.144700348,4.819335938,-1.568421245,-1.119014502
169,2,2,2.574924946,-1.598800421,4.993277073,-1.624736071,-0.657084823,-1.007432818,-3.167871714
170,1,1,2.153588533,4.151906967,0.808755279,-2.087879658,-1.698752999,-0.76625526,-2.941601515
171,5,5,2.236373901,-2.233434439,-1.113306046,-3.363310099,1.560058832,4.664390564,-2.459138632
172,0,0,6.14578104,-0.586568952,0.106772773,-5.083173752,0.223263279,-0.52723223,-3.048779249
173,0,0,5.415456295,-0.729456007,0.939651251,-4.912452221,-0.154083565,0.402725995,-3.402789593
174,0,0,4.946647167,0.126048774,0.537754357,-3.889307022,-0.644979179,-0.293278992,-2.976052761
175,0,0,5.101496696,-0.940905452,0.384886712,-3.891923666,-0.236923724,0.230890676,-2.981124163
176,1,1,1.697774649,4.564469337,0.666347742,-3.077455044,-0.570216715,-0.441390514,-3.014893532
177,4,4,2.035789728,-1.132136345,-0.621222496,-3.008495808,4.368406773,-0.596602023,-1.382583857
178,5,5,2.632658243,-1.536772251,-0.220821172,-3.62238574,-1.558738351,5.006329536,-1.734615207
179,0,0,5.219265938,0.174336269,2.013247252,-3.735553503,-1.66114676,-0.361268133,-3.952627659
180,5,5,2.32858181,-2.921033144,-1.547373295,-3.560523272,0.964581311,4.153826237,-0.256959081
181,5,5,3.011613607,-2.261206627,-1.457007289,-3.688405514,0.025542229,5.473776817,-2.297208786
182,4,4,1.222079873,-2.130319118,-1.957755327,-0.537454069,5.900912285,-1.106248498,-1.290185571
183,0,0,4.559333324,-2.311243773,-1.583922029,-3.207107067,0.548713446,0.789270222,-0.680464864
184,4,4,0.997752666,-2.116131544,-1.359738827,-0.357458055,5.429710865,-1.293071866,-0.835765183
185,0,0,4.767879486,-2.120935202,-0.028697371,-2.303713799,0.199714974,-0.224663451,-2.051924467
186,0,0,5.133917809,-2.677776814,0.186769366,-3.021433592,-0.704703331,0.548031449,-1.905004263
187,0,0,5.117329597,-0.646925151,0.213179916,-3.744878054,-0.322479576,0.756283939,-3.432203293
188,5,5,2.196763992,-0.799191117,-1.014330745,-3.220164776,-0.852198482,4.655853271,-1.948303938
189,0,0,5.239513397,-1.336642027,0.268031508,-3.724709511,0.052672546,0.567198813,-3.314269304
190,0,0,4.675573826,-1.520133018,-0.113192253,-2.799463034,-0.359892726,0.577890098,-2.168883324
191,0,0,4.518685818,-0.931536734,-0.169243991,-4.064933777,0.66045326,0.140785664,-2.053397655
192,1,1,2.097764015,4.199629307,0.442415476,-2.314805508,-0.22461158,-1.824192166,-2.722087145
193,4,4,1.80430913,-1.360853434,-1.104309082,-2.890337229,5.164709091,-0.830763936,-0.967584431
194,5,5,2.576916218,-1.878317833,0.319844842,-4.017261028,-1.059979677,5.060181141,-2.101806164
195,4,4,2.364092827,-1.847137928,-0.653054953,-2.342684269,4.632735252,-0.70065105,-1.844227076
196,4,4,1.480884552,-2.203137636,-0.651459396,-1.640471101,5.476597786,-0.963146925,-1.520560265
197,0,0,4.917621136,-1.310800076,0.591212869,-1.993893027,-0.316375613,-0.930487394,-2.901125908
198,0,0,5.075365543,-2.546450377,-1.833381414,-3.863977194,2.701197863,0.250001043,-1.976981163
199,0,0,5.148957253,-1.317294598,-0.597795665,-4.21850872,0.378702641,0.703881145,-2.559819221
200,0,0,4.897798061,-0.679315448,0.058895998,-3.058562517,-0.994993269,0.342822582,-2.758923531
201,0,0,4.770684242,-1.198195934,0.521422386,-3.826759338,-0.342150331,0.245243788,-2.171902418
202,0,0,4.262376308,-0.769688487,1.623968601,-2.663696289,-1.31490922,0.475757331,-3.240764141
203,0,0,5.111629486,-0.38900435,0.142885149,-3.625665665,-0.34916088,0.137038201,-3.130333424
204,5,5,2.685329437,-2.601159573,-0.17877306,-2.927342176,-1.080424666,4.750597954,-1.672235608
205,0,0,4.829516411,-1.547601461,-1.332027435,-3.407969475,1.183974385,-0.116176166,-1.538342357
206,6,6,-0.190998435,-2.014348507,-1.633894324,-1.178708911,1.397405505,-0.127617002,4.311389923
207,0,0,6.421014309,-0.538492084,0.401910841,-4.533965588,-1.243547797,0.201355413,-3.657015324
208,0,0,5.249889851,-1.225195527,0.076657571,-2.914303541,-0.029668322,-0.293194026,-3.077832937
209,4,4,1.500769615,-0.807896852,-0.879330933,-1.761372805,4.433227062,-1.480557799,-1.042553186
210,0,0,5.209941387,-0.127692685,-0.089469709,-4.31142664,-0.038456872,-0.380398214,-2.720593691
211,0,0,5.534329891,-1.381339669,0.866652429,-3.511659622,-0.419666797,0.077741385,-3.67462945
212,0,0,4.918953896,-0.207356289,0.023831338,-2.398252726,-1.272420168,-0.304856151,-2.779755116
213,0,0,5.590283871,-1.287668347,0.063878223,-3.33240056,-0.353654474,0.186806589,-3.273545504
214,0,0,5.147102356,-1.438310623,0.125707731,-2.742614269,-0.03890733,-0.333162695,-2.969207525
215,2,2,3.797185421,-1.391240478,4.20079422,-3.228904724,-1.445096493,-0.254789174,-3.162983418
216,0,0,5.73451519,-1.683363199,-1.5030967,-3.300704718,-0.610987663,1.320456624,-2.485536575
217,0,0,5.30853796,-0.570818543,0.263722867,-4.181729794,-0.024236599,0.279998362,-3.488371849
218,4,4,-0.642641425,-0.044621184,0.536502063,-1.515790701,4.965325832,-0.484200507,-1.455073595
219,6,6,1.207825184,-1.997556329,-2.035855532,-2.071994781,0.472860485,0.176570535,4.102457523
220,0,0,3.715292454,-0.317011803,0.602423787,-2.733660698,0.17683585,-0.71312815,-2.110870361
221,5,5,1.627978921,-1.969941139,0.327687234,-2.530375481,0.407649785,4.348835945,-2.613330126
222,0,0,4.976885319,-1.50148356,0.013487346,-3.598048449,1.637908578,-0.773502827,-2.845947266
223,0,0,6.049764633,-2.255592108,-0.752808928,-3.754601955,-0.535249591,1.392176867,-2.796873808
224,0,0,5.170513153,-1.21639359,0.737100244,-3.08792448,-0.33633247,-0.021956082,-3.284490347
225,0,0,4.977151871,-1.299570799,0.055015557,-3.014490366,-0.656018913,0.633627653,-2.909776926
226,0,0,4.728966713,-0.04341355,1.743347168,-2.600427628,-1.275483966,-0.715126514,-3.879728556
227,0,0,5.645295143,-0.477614254,0.059889272,-4.045209885,-0.327002585,-0.184483483,-3.202871561
228,4,4,1.4737041,-0.615642488,0.499224365,0.061041579,4.131768227,-2.890995502,-2.169378042
229,0,0,5.120508671,-1.946997762,0.719198167,-3.151978493,-0.259201854,0.018845486,-2.699167252
230,0,0,4.632610798,-0.550881147,0.765141666,-2.555633307,-1.294516802,-0.069710962,-2.859284401
231,0,0,5.061286926,-1.579207182,0.682612658,-3.169090033,-0.126806542,0.018731289,-3.012587547
232,0,0,4.744255543,-0.996622622,1.335036635,-1.776623249,-1.297079682,-0.342806935,-3.466245174
233,2,2,1.789931417,-1.027806759,4.795696735,-2.087381124,-0.154338241,-0.473196536,-3.17343688
234,0,0,5.009380817,-1.078467846,0.386879444,-2.893213511,-0.403408289,-0.360880315,-2.602009535
235,2,2,1.785742283,-0.838166714,5.068090439,-2.084688663,-1.90960896,-0.367864668,-2.025548935
236,1,1,0.085035205,3.996254683,0.253793687,-1.676070929,1.943907499,-1.694647312,-1.692602277
237,0,0,4.474646568,1.710784554,0.424243987,-3.256667376,0.13065055,-1.832136869,-2.932706118
238,0,0,5.232862473,-1.632207155,-0.664158463,-3.037102222,0.405830026,0.184343755,-2.54339695
239,4,4,1.030416608,-1.339099765,-1.440632224,-2.138664722,4.115801811,-0.491990417,0.473575652
240,2,2,2.324805737,-0.459879577,5.140650272,-3.042022705,-1.153006196,-0.344537139,-3.183797836
241,0,0,5.664548874,-1.581753612,-0.015978834,-3.669869423,-0.368514061,0.817259192,-3.355514288
242,0,0,5.035919189,-1.304384828,2.075715542,-3.637765884,0.234424368,-0.343509227,-4.26129961
243,4,4,1.834306955,-1.513115168,-1.055904865,-1.883564472,4.304237366,-0.769092739,-1.081697583
244,0,0,5.427804947,-0.131100878,0.336700588,-3.704610109,-0.414476991,-0.320347905,-3.683720589
245,4,4,1.992241859,-2.443743229,-1.359859109,-0.500552416,4.870670795,-1.058656573,-1.607893348
246,0,0,3.71467495,0.63872385,1.745766401,-2.484410286,-1.59382534,-0.300677925,-3.039459705
247,0,0,4.980381012,-1.726882577,0.882269561,-3.410253763,-0.389845729,0.142208651,-2.588281155
248,0,0,4.600002289,1.782779813,0.973409593,-4.294529438,-1.456255198,-0.406492949,-3.150184393
249,0,0,4.090218544,-1.496002436,-0.935317516,-2.963615417,2.431231022,-0.386650085,-2.382332563
250,5,5,2.979891777,-1.173619628,-0.015666487,-4.650813103,-1.426636457,4.746020794,-1.825598001
251,0,0,4.700772285,-0.557544947,1.776433945,-2.639669418,-1.278971195,-0.450045228,-3.655295134
252,0,0,5.637455463,-1.327964544,1.815922618,-3.672492027,-0.672128141,0.239367396,-4.441864967
253,0,0,5.525864601,-1.594792008,0.160180598,-4.769930363,0.279084951,0.661890507,-2.834038496
254,0,0,4.620008469,-2.284552097,0.209475994,-2.207006931,0.248754859,-0.381950289,-2.156175852
255,0,0,5.18964386,-1.249611378,0.594134569,-3.016029358,-0.1578179,-0.05075394,-3.580517292
256,0,0,4.742981434,-1.101364732,1.596779943,-4.14970541,0.578829527,-0.283673167,-3.255182266
257,0,0,5.399327278,-2.015480995,-0.574863732,-2.882281542,1.825529814,-0.996035039,-2.875518084
258,2,2,1.616080165,-0.788621306,4.677130699,-1.743145823,-0.103880271,-0.127163842,-3.553113699
259,4,4,2.561094522,-2.966057301,-1.734051704,-0.682277739,4.313505173,-0.326800644,-1.624056578
260,0,0,5.013548374,-0.919193804,0.253606796,-2.554318428,-0.902437508,0.210556537,-2.889899015
261,0,0,4.708652973,-2.53407526,0.136823431,-3.307329655,-1.464705944,2.705691099,-2.559605598
262,0,0,5.548817635,-1.591478348,0.099756651,-3.65135622,0.156581461,0.663232386,-3.545968294
263,0,0,4.101250648,-0.861212194,0.111868635,-1.562605023,-0.41098699,-0.471898079,-2.389104605
264,0,0,5.501734734,-0.850696564,1.437639832,-3.687033653,-0.776651144,0.10948173,-3.998323441
265,0,0,5.377387047,-2.846109867,-0.499784976,-4.394145489,-1.615535617,3.157773733,-2.05521822
266,5,5,2.608710766,-2.079632521,-1.192727804,-3.841561556,0.443992972,4.529772758,-1.548792362
267,1,1,2.964827538,5.153904915,0.966167212,-4.073720932,-2.071973801,-0.154567629,-3.76220274
268,0,0,4.714212894,-1.200845242,-0.627999663,-2.999471903,2.289063692,-0.741922677,-3.362627745
269,2,2,2.083274603,-1.71672821,4.770954609,-2.364408255,-0.842886567,0.851696372,-3.208899975
270,0,0,5.315157413,-2.019731998,-1.106176019,-3.392283201,1.022933722,-0.225739717,-1.663196087
271,1,1,2.057795763,4.444743156,-0.43533057,-2.925672531,-0.050895747,-0.775508881,-2.680618048
272,0,0,5.575446606,-1.993495822,-0.80450803,-2.878704548,2.849958897,-1.211391091,-3.694040298
273,2,2,2.766108513,-2.310475826,4.49769783,-2.745495796,-0.357733518,0.283695549,-2.728135347
274,0,0,5.019917488,-3.322626352,-1.522146344,-3.161128998,1.510289907,0.61995852,-1.257694244
275,0,0,5.130901337,-0.469115555,-1.081464767,-3.837916374,-0.140267938,0.507720292,-2.486407518
276,0,0,4.947705746,-2.73437047,-0.861275554,-3.606027365,0.388073415,1.702175379,-1.956885338
277,1,1,1.775264263,4.232397556,0.158189446,-2.831600428,0.091805972,-0.964432061,-2.683460712
278,0,0,4.732168198,-0.546664894,1.616812944,-4.577151299,-0.595273554,-0.009085923,-2.65713501
279,0,0,4.66569376,-1.239939451,0.779764652,-3.381731033,1.509546876,-1.037457585,-3.209565878
280,5,5,3.006963968,-1.737903833,-0.981674075,-3.699930668,-0.977597654,5.042218685,-1.940720081
281,0,0,3.738498688,-1.899183035,0.313987881,-3.053483009,-0.138391927,1.146087885,-1.636909008
282,2,2,2.993675709,-1.936918259,4.881975651,-2.373447895,-0.664563954,-0.386458755,-3.526269913
283,5,5,3.572827578,-2.387424707,-0.440810531,-3.048877716,-0.033462256,3.862538099,-2.969449759
284,5,5,3.399156094,-1.702647567,0.322068334,-4.445213795,-2.209638119,5.348937511,-2.486251116
285,0,0,4.711694241,-1.938382506,1.466154695,-2.821394682,-0.967384815,0.606576502,-3.179564476
286,4,4,2.628129482,-2.276700974,-0.794626594,-1.165642977,4.070922852,-0.623231351,-2.438259602
287,0,0,4.600651741,-1.178999424,0.002911799,-3.586225748,0.420202821,0.376313001,-2.507569313
288,4,4,-0.24811995,-2.777515411,-1.990918159,2.115679264,5.572384357,-0.913887084,-0.588806987
289,2,2,2.037802696,-1.686990857,4.88204813,-1.399781346,-0.58441484,-0.350436926,-3.250941277
290,0,0,5.310250282,-1.028001428,-0.8259027,-4.07443428,-0.774538934,2.026631832,-2.9778862
291,0,0,4.653842926,-1.981323123,-1.178498864,-2.790664673,1.203654528,-0.30994904,-1.15821898
292,2,2,1.159644842,-1.220509291,5.080170155,-1.29138267,-0.790325701,0.107244328,-2.842765808
293,0,0,4.981499672,-1.688746452,0.66036433,-3.265769243,-1.340812087,1.164367557,-2.557695627
294,0,0,5.753890991,-1.880957127,-0.166644648,-3.884366035,-1.270688295,1.774894357,-2.994532585
295,0,0,4.484761238,-1.303350925,0.412309974,-3.217894554,-0.688413918,0.702778518,-2.329319
296,0,0,5.270079613,-1.720100045,0.306148231,-4.432754517,-0.059856717,0.541538298,-2.418019533
297,0,0,4.8851614,-1.238294363,1.092518926,-3.592472792,-0.460990399,0.785046458,-3.676122189
298,0,0,5.448090076,-0.276002377,1.335498333,-4.086267471,-1.105555534,-0.398511559,-3.35616374
299,0,0,4.653654575,-1.760724187,1.647313118,-2.711401701,-0.914337456,0.715393245,-3.521040916
300,0,0,4.598331451,-1.483063817,0.277430087,-1.645577908,-1.402956843,0.955209553,-2.992607355
301,4,4,1.03695941,-2.055232048,-0.647514462,-1.031846523,5.094272137,-0.504314303,-1.606801271
302,0,0,5.198900223,-1.05524683,0.051728152,-3.667752743,-0.215129197,-0.128234744,-2.418879509
303,0,0,5.604890347,-1.721580029,-0.498306632,-3.484752893,0.362954944,0.148518533,-2.979770899
304,0,0,4.669602871,0.487986207,1.364677429,-3.021339417,-1.999241352,0.726603329,-4.383019447
305,5,5,3.14179945,-2.63935709,-0.896481037,-4.531630039,-0.663704216,5.570334435,-1.614378929
306,5,5,0.044494033,-0.583188415,0.060060758,-2.456467628,-0.152260229,3.90734911,-0.213881522
307,4,4,-0.34608686,-2.151174307,-1.980621815,-0.729616165,6.679703236,0.163455814,-0.395510465
308,1,1,1.375782251,4.022656441,0.887990654,-4.051877975,-1.180459976,1.561896205,-2.866606951
309,0,0,5.177322388,-1.300536275,-0.651506007,-3.220538616,-1.121120453,1.221001148,-2.491234303
310,0,0,4.628269672,-0.688665867,0.880778968,-3.169211149,-0.515321374,0.076840624,-3.130129337
311,0,0,5.023513317,-1.086029768,0.488553882,-2.959579468,0.081648365,-0.894128561,-2.877554417
312,0,0,5.737590313,-1.593855619,-1.364550948,-2.737922907,0.675458789,-0.969194293,-2.021538496
313,0,0,5.114033222,-1.210339427,0.351247877,-3.768727303,-1.086789489,1.340610266,-3.093649387
314,5,5,2.748893261,-1.514202595,-0.072771147,-3.714454412,-1.015965223,4.790022373,-2.497416019
315,5,5,2.701879025,-1.880264163,-0.674350679,-3.908838034,-0.527402878,4.845118523,-1.75991106
316,0,0,5.403749943,-1.484537244,1.121169925,-3.371399641,-0.695801139,0.070232421,-3.398041487
317,4,4,3.275006771,-0.618896008,-1.268849373,-2.824447393,4.740125179,-1.622591019,-2.408765316
318,2,2,2.502971411,-0.469394088,5.083755493,-2.72217536,-0.261770308,-1.441712618,-3.558125257
319,0,0,4.925058365,-0.111422896,0.661240578,-2.924611092,-0.292403787,-0.912008464,-3.384563208
320,0,0,4.418238163,0.143499702,1.795339108,-2.62533617,-1.915331721,-0.374228269,-3.014904022
321,0,0,5.127269268,-1.068340778,-0.513034344,-3.381424189,-0.531512439,0.552891552,-2.367156982
322,0,0,4.771635056,-1.749715924,-0.565270722,-3.503132582,1.318978429,0.341460288,-2.414329052
323,0,0,5.475893974,-1.220306993,-0.156112283,-4.743653297,0.585549235,0.380788714,-2.918227673
324,0,0,5.343408585,-0.967079103,0.913743496,-3.866254807,0.212617829,-0.413220465,-3.541334629
325,0,0,4.932740688,-1.727656484,2.937526226,-3.174026489,-0.332714647,-0.995348871,-3.779667377
326,0,0,5.62677145,-2.022260666,0.07166779,-3.294202566,-0.12291377,0.490195483,-3.084804535
327,5,5,2.891531706,-1.897450805,-0.896349192,-3.95293045,-0.127008557,5.388938427,-2.677186251
328,4,4,2.279006958,-2.038157463,-1.231496811,-1.892583847,4.713711262,-1.19400239,-1.061820507
329,2,2,1.146406651,-0.868480742,5.413962841,-1.824644089,-0.330805779,-0.727899611,-2.72785902
330,2,2,2.587705612,-0.573672533,3.975419998,-2.597603321,-0.498172432,-1.037106752,-2.583603382
331,2,2,2.024766207,-0.706688285,4.246321678,-1.407315493,0.514661729,-2.21216321,-2.784535885
332,0,0,4.885185719,-0.62899518,-0.272494584,-3.912995338,0.021460107,0.982972324,-2.969463825
333,0,0,4.121933937,-2.971382856,0.374438763,-2.497474909,1.108938813,0.580650032,-2.189918518
334,4,4,-0.313009381,-2.225727558,0.103051223,-0.305076033,4.937505245,-0.336998403,-0.731480122
335,5,5,2.386288881,0.66359973,1.787032485,-4.713420391,-2.403708935,4.191301346,-3.076094151
336,0,0,4.662023067,-0.546637654,-0.700220823,-3.970003605,-0.496349365,1.230143428,-2.230261087
337,5,5,2.836786747,-1.618723631,-1.287051678,-4.054543972,-0.465768784,4.674668312,-1.37352705
338,0,0,5.186108589,-2.612989664,-0.077010244,-3.381061792,0.377496302,0.444228441,-2.144489288
339,0,0,5.149883747,-1.209988117,0.413081944,-3.764550209,0.422814369,-0.110834844,-3.15388298
340,2,2,2.580281258,0.039860919,4.605807304,-2.906224251,-0.43524164,-1.689103961,-2.97192812
341,0,0,5.571391106,0.106047958,0.613259614,-4.60251379,0.437018752,-0.994664788,-3.736915588
342,0,0,5.682810783,-1.115234613,-0.337291002,-3.726065874,-0.710989475,0.53534472,-2.998378992
343,4,4,0.766676188,-1.784095049,-1.386792779,-1.837764263,6.100041866,-0.358941257,-1.114365816
344,5,5,2.561677456,-2.536929607,-0.414465249,-2.63450408,-0.359948397,4.50777626,-2.247591496
345,0,0,4.580505848,-0.537798524,0.49321273,-3.440601826,0.610857904,-0.514750898,-3.127477407
346,1,1,2.724269867,5.035997391,0.929137945,-3.866500378,-1.440618277,-0.553174317,-3.556304455
347,2,2,3.042710781,-0.444280744,4.871815205,-3.095160484,-1.644949317,-0.25084433,-3.852250814
348,5,5,4.121417522,-1.992860317,-0.826844931,-4.218661308,-0.807105958,4.754630089,-2.974331141
349,0,0,5.738558769,-1.211735368,1.583925366,-4.012402058,-0.627951086,-0.118050255,-3.808162451
350,5,5,3.394874096,-1.371593714,0.357461214,-4.411098957,-2.263987303,5.23872757,-2.702921629
351,2,2,2.777985334,-0.524511695,4.828541279,-3.565454721,-0.575134933,0.144263417,-3.974426985
352,0,0,5.350507736,-0.129388839,1.045691371,-2.722320318,-1.737549663,-0.340415061,-3.791912794
353,0,0,5.303977966,-1.252440214,0.222216994,-2.876060009,-0.68446219,0.854331493,-3.697628975
354,0,0,5.829269409,-1.473883629,-0.220791638,-4.340487003,-0.283009917,1.129727721,-3.354985237
355,0,0,5.563784599,-0.536217511,-0.041281745,-3.414554119,-0.429222375,-0.224824652,-3.364302397
356,0,0,4.642106056,-2.060073137,0.375888824,-2.773978472,1.558794141,-0.8693223,-2.617139578
357,0,0,4.054118156,-1.349491,2.955819607,-2.729154825,0.009716859,-1.675211072,-2.754298925
358,0,0,4.70210886,-1.715539217,0.329394013,-3.607127666,0.442364216,0.662707269,-3.053736448
359,0,0,5.497164726,-0.757228196,-0.615515351,-3.801512718,0.347994953,-0.70675838,-2.439222336
360,0,0,4.868859768,-0.842963576,-0.525849581,-3.119833469,0.90075022,-0.482972264,-2.857997417
361,5,5,2.524514914,-1.029901505,0.437837213,-3.568089485,-1.41112268,4.603487492,-2.722048044
362,0,0,5.389838696,-1.345297337,-0.235973373,-3.067858934,-0.030207038,-0.019500293,-2.961160898
363,0,0,5.147512436,-1.412464976,-0.252377421,-3.009206533,-0.423854947,0.163903937,-2.502197266
364,0,0,5.346888542,-2.114252329,-1.135011911,-3.188740253,1.267335773,0.295828551,-2.574805021
365,0,0,4.855995178,-2.414243937,-0.182141408,-3.123684883,0.339710712,0.98971796,-2.466452122
366,0,0,4.892327785,-1.8129071,-0.241147578,-4.321971416,-1.963060975,2.90933466,-1.931115508
367,0,0,3.864749908,-2.01695466,-0.090734147,-2.414829731,2.1762743,-0.659356892,-2.230788469
368,0,0,4.930930614,-0.872088313,-0.235686526,-2.14102459,-1.122928381,0.329027176,-2.892024994
369,0,0,4.665795326,-0.682633996,-0.366801828,-3.749161005,-1.580937028,1.709617257,-2.138064146
370,0,0,5.119601727,-1.000276327,-0.387008339,-4.053623199,-0.298767239,1.246568918,-2.981286764
371,1,1,2.018104076,4.599221706,1.320942879,-2.639587879,-0.9466905,-0.997855961,-3.682524443
372,0,0,5.428496361,-1.157945275,0.146650776,-3.729142189,-0.567395449,0.426265985,-2.753664494
373,0,0,4.686519146,-1.939857244,0.193342894,-2.711501122,1.87094903,-0.36713317,-3.479634285
374,4,4,1.7023592,-2.547685623,-2.029764414,-2.931908131,5.767760754,0.683621228,-0.839386463
375,5,5,2.449100494,-1.717717409,-1.49288404,-2.886071444,-0.915168226,4.486744404,-0.882804751
376,2,2,2.085461617,-0.622587442,4.639625072,-1.792402983,0.030300448,-1.164055347,-3.391608238
377,4,4,1.074716806,-1.628656149,-1.484299183,-1.841538429,6.165975571,-0.319431186,-1.530451775
378,0,0,5.325918198,-0.801759601,2.998361349,-3.791697264,-1.473758698,-0.64678365,-4.189949989
379,0,0,5.487086773,-1.353750229,0.140560418,-4.023507595,-1.171285033,1.339728236,-2.886758566
380,0,0,5.237661362,-1.093227029,1.540721655,-4.64521122,-1.227962494,0.755097747,-3.237850428
381,5,5,3.205601692,-2.11920619,-0.502502143,-2.984949589,-1.287794828,4.557526588,-2.135950327
382,0,0,3.821722269,-0.241553023,1.467851043,-2.258265495,0.284141332,-1.210412264,-3.131193161
383,5,5,2.284993172,-1.360142469,-0.875609577,-3.435177803,-0.186117679,4.348323822,-1.671105862
384,0,0,5.433924675,-2.036468983,-1.611523032,-2.075870752,1.658839703,-0.769154549,-2.473740101
385,0,0,4.421417236,0.622797012,-0.436847061,-3.967446804,-0.027968179,-0.105983697,-2.253229856
386,0,0,5.402588367,-1.725981355,-0.070778072,-3.813502312,0.607135296,0.565303981,-3.32323432
387,2,0,4.294826031,-0.730314016,2.515953779,-3.321383953,-0.571980894,-0.943916738,-3.149862766
388,0,0,5.063004971,-2.023402452,1.476149082,-2.598490238,-1.915476084,1.332479954,-3.390278101
389,0,0,5.430756569,-0.368071169,1.367840767,-3.667426586,-1.584181905,0.131608099,-3.854111195
390,0,0,3.630659103,2.124318838,0.514183283,-2.619132519,-1.294118166,-0.068787858,-3.406853676
391,0,0,5.163205147,-0.358559728,-0.417076349,-3.775209188,0.188325182,-0.147579744,-2.641585588
392,0,0,4.82631588,-1.74170661,1.561620355,-3.607956409,0.877595067,-0.862933397,-3.064290285
393,5,5,3.132010221,-1.434626102,-0.135402501,-4.057635784,-0.795414448,4.354240417,-2.482776642
394,0,0,4.689118385,-1.091388702,1.29268086,-2.741103649,-0.502455235,-0.65076369,-2.824028969
395,0,0,5.636803627,-1.682240963,0.284771621,-3.905692577,0.139121428,0.401654989,-3.112124205
396,0,0,4.462513447,-1.657966852,-1.033118606,-2.494805574,1.817644596,-0.464744121,-2.244102716
397,0,0,3.911495447,-0.263097614,3.902248621,-2.676861286,-0.933181345,-1.155746818,-4.209977627
398,0,0,5.631109238,-1.905442953,-0.394629568,-3.183636427,-0.97392875,0.891207278,-2.604373693
399,0,0,4.631157398,-0.953505278,1.724638939,-3.620693207,-0.770920634,0.394100368,-3.430232048
400,0,0,5.794351578,0.35434103,0.804740012,-3.684823751,-1.297320843,-0.309134483,-3.991343737
401,0,0,5.360259533,-1.216693521,-0.221426532,-3.736975908,-0.091201894,0.184522659,-2.44174099
402,5,5,3.420897484,-1.816175461,-1.327133536,-2.969304085,-0.67991364,4.283959389,-2.332391739
403,2,2,2.297130823,-1.13921535,5.301818371,-2.362291098,-0.905159354,-0.045206469,-3.645442724
404,0,0,4.885663033,-1.451391339,-0.237421587,-4.323963165,0.651092827,0.400946647,-2.090840101
405,4,4,1.897437334,-2.069788218,-0.412703276,-1.331650972,4.593628407,-1.712410092,-0.96140939
406,1,1,1.851079464,4.639320374,0.309049428,-3.988444328,-0.602418363,0.476614237,-3.063566685
407,0,0,4.718498707,-1.674798489,-0.846547961,-3.606286287,2.588144779,-0.745867252,-2.435491323
408,0,0,5.364160538,-1.163401842,0.010986436,-4.936127186,0.712115705,0.650675356,-3.139857054
409,4,4,2.393034458,-2.200387955,-1.918838859,-2.147733212,5.391187191,-0.001691181,-1.990292311
410,5,5,1.032874346,-1.4783535,-0.229085237,-2.265907764,-0.486404866,4.80347538,-1.395278215
411,0,0,4.696018219,-1.095631719,-0.379697889,-3.468899488,0.729147851,-0.276132256,-2.27038765
412,4,4,1.645546317,-1.372108698,0.388943374,-2.081075668,4.524517536,-1.699769258,-1.458052874
413,4,4,2.042000055,-2.094489336,-1.559937716,-2.30326581,5.9130373,-0.047720075,-2.248609304
414,2,2,1.656870484,-0.688264608,4.785848618,-2.401366711,-1.192085266,0.515196919,-2.948022127
415,0,0,4.534053802,-2.704419851,-0.283176601,-3.839973688,-0.262977839,1.486162305,-1.097340822
416,2,2,1.85308671,0.647791326,4.357744694,-2.745614529,-1.130420327,-0.430146456,-2.986391306
417,5,5,1.707327962,-2.235589743,0.083470225,-2.313755989,-0.418473512,4.480022907,-1.520586014
418,0,0,4.713482857,-0.009386227,-0.51635623,-1.740248799,0.274251312,-1.099681139,-3.30431962
419,4,4,0.708753586,-1.892914176,-1.035240412,-1.515617847,5.142185688,-0.003959782,-0.860728383
420,0,0,4.827379704,-1.136942625,0.078811459,-3.523830414,-0.595456898,0.976755023,-2.720762253
421,2,2,1.195780754,0.310723066,6.064771652,-3.112493753,0.370507717,-0.965768874,-3.813286304
422,0,0,5.296994209,-1.706690788,0.492352694,-2.859399796,-0.09210635,-0.529337168,-2.843873262
423,1,1,2.856783628,4.703491211,0.168815404,-3.388309956,-1.184462905,-0.502256155,-3.562618256
424,2,2,1.613996863,-0.775110364,4.360068798,-0.646333158,-0.360028148,-1.442915678,-2.696906805
425,0,0,4.773272514,-0.126846924,0.978646398,-3.17643261,-1.615484834,-0.006908841,-2.863018036
426,0,0,5.361600876,-1.056625605,0.403214484,-2.677014828,-0.48657155,-0.607310891,-3.103550434
427,5,5,1.99499774,-1.366699219,0.357687742,-1.834999681,-1.55656004,4.558689594,-2.723870277
428,4,4,0.678951621,-2.39843154,-0.610399842,-0.461321712,5.82109642,-0.678013861,-1.850414395
429,4,4,2.066560745,-1.901171446,-1.107740045,-2.527225018,4.239335537,-0.060129896,-0.97136569
430,0,0,5.71498251,-1.322562099,-0.308296412,-4.082920551,-0.250529706,0.677342296,-2.98624897
431,5,5,3.027966022,-1.343128443,-1.069429517,-4.482392311,-0.464927495,5.260912895,-2.245661259
432,0,0,4.987464428,-1.05468297,0.025806054,-2.764116049,0.004711263,-0.734656811,-2.669956923
433,0,0,4.960116863,-2.375237942,-0.057575282,-3.175319672,1.552989244,-0.744649708,-2.245613575
434,0,0,6.409791946,-2.015483618,-0.155047581,-4.604268551,-0.556773782,1.712596416,-3.566632032
435,0,0,5.449566364,-1.139171124,0.322376072,-3.637236118,-1.029957533,0.59331274,-2.920186043
436,0,0,4.908604622,-0.917030454,-1.161813378,-4.025547504,-0.415726513,1.307593346,-1.937669516
437,0,0,4.809545517,-0.874927461,0.685327351,-4.182488441,0.205649599,-0.335768729,-2.3493011
438,0,0,4.358767986,-0.336865932,2.422767162,-4.136299133,-1.405316591,0.242911249,-3.007092714
439,0,0,4.651802063,-0.265247524,-0.084823988,-4.27088213,0.188701913,0.302617669,-2.549557686
440,0,0,4.927490234,-0.310243666,1.409316421,-2.978621006,-2.143780708,0.11763224,-3.163714647
441,0,0,5.586048603,-0.622738361,0.520119429,-3.959034681,-0.772982478,0.256742299,-3.482209444
442,4,4,0.724357724,-2.461069584,-1.213098526,0.651594341,4.662728786,-0.9617033,-0.840222001
443,5,5,1.489734769,-0.963536263,0.152122229,-3.413592339,-1.415478587,4.226223469,-0.580222845
444,0,0,5.046973228,0.181515574,-0.003255313,-4.37209177,-0.975180805,0.539001584,-2.629879475
445,2,2,2.844344854,-1.344885945,5.075741768,-2.747632504,-0.378871441,-1.048379183,-3.084403038
446,0,0,4.668697357,-0.885369182,0.821609616,-3.625255108,-0.462382376,0.187327161,-2.838132858
447,0,0,4.22514677,-0.046661645,1.132733822,-2.822734118,-0.745733917,-0.166969806,-3.097940683
448,5,5,2.43539381,-2.449616432,-1.134397268,-3.706406116,-0.152046591,4.598283291,-0.555926323
449,1,1,0.040542126,5.434413433,2.799384356,-3.48922205,-1.089361072,-0.033246767,-2.955395937
450,5,5,2.510589361,-1.537310123,-1.091152191,-3.306711197,0.117089845,4.127346039,-1.808027148
451,0,0,5.23325634,-1.095012188,2.263188124,-3.57956934,-0.724704325,-0.713630021,-3.756217241
452,0,0,5.418701172,-0.825085819,0.005229482,-3.657227516,0.976343513,-0.34850949,-3.753124237
453,0,0,3.68292284,-1.630913377,2.647036791,-2.206965446,1.29068172,-2.029559374,-2.81345892
454,0,0,3.458306551,-2.820404291,1.221011639,-0.047093779,0.211379811,-0.655579746,-2.373975277
455,2,2,1.13765204,-0.458407998,5.382054329,-2.064722776,-0.26996097,-0.620205879,-2.895070076
456,2,2,3.72674799,-1.181209207,4.542622089,-3.437772036,-1.253069282,-0.20156607,-3.71227932
457,5,5,2.85175705,-1.00674665,-0.477814317,-4.125195026,-0.889535785,5.31125164,-2.647321463
458,0,0,5.113143444,-2.589276791,-2.214636564,-2.857785702,0.805187583,1.118628263,-1.640041232
459,4,4,2.064738989,-1.794701815,-1.341098309,-2.305733204,4.587683201,-0.059360735,-1.512697935
460,2,2,0.629896104,0.659484982,5.624138832,-1.229915857,-0.378776312,-1.530813217,-3.20986557
461,4,4,3.324164867,-1.188422322,-0.762229025,-3.719633341,3.691867113,-0.890443385,-1.628251314
462,0,0,5.785241604,-0.579177856,1.646647096,-4.204329014,-1.289266109,-0.283151269,-3.831898451
463,2,2,2.107568264,-0.729448497,4.942136765,-2.847134113,-0.797807276,-0.275871098,-3.150418997
464,0,0,5.206465721,-1.93141675,-0.788433611,-2.907036781,1.988656521,-0.869000733,-2.994123697
465,5,5,1.990490198,-2.728111029,-2.195039511,-2.28742981,1.533507109,4.813597202,-1.667802215
466,0,0,4.590798378,-2.403195381,-0.583036721,-2.391540766,1.245345712,0.085304119,-2.456267595
467,0,0,5.275892258,-1.210450649,-0.034336183,-4.316250324,-1.181741238,2.004549742,-2.973016024
468,4,4,0.275955856,-1.335238934,-0.749199271,-0.936431229,5.427499771,-1.462561488,-0.459117472
469,0,0,5.530315399,-1.841468453,-0.663131416,-3.194447041,0.182052642,0.792474508,-3.17757082
470,0,0,4.53518343,-1.222967744,-0.455658674,-3.574831963,0.448192447,0.432063848,-2.233567476
471,1,1,1.295806885,4.554966927,0.445137858,-2.23831749,0.199475035,-1.754065394,-2.358309031
472,0,0,5.980755329,-0.77275908,0.453888863,-4.315135956,-0.582543433,0.004617084,-3.540810585
473,2,2,0.586173892,-0.510815322,4.942011833,-0.199589431,-1.951289535,0.234217077,-2.583576679
474,0,0,4.358883858,-2.135714054,1.112727165,-3.021529436,-0.135288343,0.480151922,-2.454293013
475,0,0,3.992061138,0.201082721,-0.554794073,-3.062247038,1.706776857,-1.306275368,-2.308332205
476,4,4,2.474259377,-1.448935866,-0.77821368,-2.926245928,4.866500854,-0.874471068,-1.776773095
477,0,0,5.06842804,-1.189465642,-0.560124993,-3.269801617,-0.386468947,0.834605038,-2.679650784
478,0,0,5.072723389,-0.731073618,-1.257592201,-3.866493225,0.464398146,0.987424731,-2.898883343
479,0,0,5.766556263,-2.083812714,-0.130330041,-3.501074314,0.724723041,0.18735522,-3.208215475
480,0,0,5.142043114,-0.460716128,0.116713405,-3.787444115,0.201634958,-0.445447415,-2.983656168
481,2,2,0.144665599,0.167358577,5.299619198,0.067836195,-0.554429471,-1.496753335,-2.757502079
482,0,0,5.334519386,-0.938958406,-0.07616356,-2.886039019,0.561565459,-1.277697086,-2.862350702
483,0,0,4.390995979,-1.373913765,0.429992378,-2.261075974,0.666324019,-0.811615705,-2.787261009
484,0,0,4.351494789,-1.753734827,2.679616928,-3.145876884,-0.274633378,-0.739698291,-2.815372229
485,4,4,1.42455399,-1.748536944,-0.964074075,-2.44898963,4.453379154,-0.737956762,-0.121313661
486,0,0,5.394287109,-0.166166395,1.631082416,-3.607528925,-1.740822673,-0.19787468,-3.691694021
487,0,0,4.957315445,-1.799100161,-0.704328477,-3.88061595,1.956631064,0.039167069,-2.738489389
488,0,0,5.286926746,-1.164430857,0.341945022,-4.341546059,0.041896008,0.410818666,-3.004901409
489,0,0,4.82567215,1.148081183,1.266298771,-3.757260084,-1.278327227,-0.896984458,-3.396020412
490,2,2,-1.436736822,0.127352223,5.73639822,0.255484879,1.233329296,-2.04507947,-2.163332462
491,0,0,4.994155884,-2.29534173,0.611076891,-2.875572443,-0.604342163,0.422433913,-2.26191473
492,0,0,5.54822731,-0.993776262,0.841476083,-3.784876585,-0.286382198,-0.297298998,-3.63844347
493,5,5,1.882387877,-1.841971874,-1.027381301,-2.946969748,-0.039689515,4.998604774,-1.548252106
494,2,2,2.636055708,-0.684057295,4.524816036,-2.728014708,-0.902676463,-0.512362778,-3.270058393
495,0,0,5.111196518,-1.861237288,-1.389849305,-2.276974678,0.39338094,0.086866096,-2.177957296
496,2,2,2.884081125,-0.799862862,4.518816948,-3.488358259,-0.933281898,-0.223999068,-3.053356171
497,0,0,5.465332031,-1.984070063,-0.518748939,-3.789927006,-0.389696628,0.998496056,-2.362061262
498,0,0,5.31571579,-1.216226101,0.039521243,-3.717333555,-0.110068396,0.475517929,-3.178303242
499,5,5,2.102656603,-1.652746439,-0.43272832,-2.339702368,-0.773945689,4.878732204,-2.519845247
500,0,0,5.644208908,-1.422534347,-0.197401956,-4.64754343,-1.015241861,1.872358203,-2.819094658
501,0,0,5.016729832,-0.447050869,-1.103766441,-4.51802206,-0.236078396,0.663380623,-1.694344521
502,0,0,5.045660019,-1.847188234,-0.348547041,-3.831255436,1.373644471,0.004959529,-2.496046543
503,5,5,2.267771959,-0.456979573,-0.280433714,-3.721222639,-1.240552306,5.166985512,-2.595110893
504,4,4,1.114686608,-1.845357656,-0.884837031,-1.496816874,6.063941002,-0.348350108,-2.31018281
505,0,0,4.528669357,-0.647418261,0.886262655,-3.752220869,0.054179348,-0.35519442,-2.634016275
506,0,0,5.85799408,-1.069344401,-0.303378373,-4.790719509,-0.410435021,1.336142421,-3.508073807
507,2,2,2.256160736,-1.474108934,4.384367466,-2.533707619,0.03255216,-0.271977514,-3.002037525
508,2,2,2.07924509,-0.873068869,5.768170834,-3.117927074,0.163692132,-0.517414391,-3.739511013
509,0,0,4.583274841,2.087379932,0.735236168,-4.389558315,-0.059363205,-0.674381971,-4.259851933
510,0,0,4.992900848,-1.511137247,0.104229406,-3.854655504,0.286364734,0.339438796,-2.377338886
511,0,0,5.287345886,-1.413542628,-0.791102588,-2.869227886,-0.559550583,0.316553175,-2.333376169
512,2,2,2.08195734,-0.736694932,4.775178432,-3.265013456,-0.817623019,-0.045819957,-2.459820986
513,2,2,0.99101758,-0.268184841,5.047106743,-2.702152252,0.376524538,-0.79604286,-2.431306124
514,4,4,2.624087811,-1.124467969,-1.95580256,-3.228254557,4.930626392,-0.935028374,-0.918404222
515,0,0,4.72189045,-1.462850571,1.13828671,-1.813174009,-0.562472761,-0.985507965,-2.751220226
516,5,5,2.69832921,-0.837209225,-0.396325827,-4.803776264,0.029519346,4.509961128,-2.316620827
517,5,5,2.21591711,-0.486982405,-0.468511701,-3.331507921,-0.811808407,4.457124233,-2.32820034
518,5,5,2.748497963,-0.914641619,1.390782475,-4.486645699,-2.086779833,4.924125671,-2.845200062
519,5,5,2.915277958,-1.634531856,-0.864546955,-3.492384672,-0.962609768,4.630249023,-1.86799407
520,4,4,0.60876292,-1.371608377,0.549973905,-1.227980137,4.801381111,-0.667611122,-2.190489769
521,0,0,5.631479263,-1.090448141,1.12571156,-4.739366055,-1.406169653,1.45588553,-3.690979004
522,0,0,4.891696453,-2.32007122,-0.525913179,-2.543207884,-0.138484061,0.586245954,-2.186483145
523,0,0,4.493503094,-0.905747831,-0.776822269,-2.538950682,0.481237262,-0.196272761,-2.143854618
524,0,0,4.486042023,-1.970250845,-0.840117633,-3.272701502,-0.276875913,1.683471918,-1.703946829
525,0,0,4.743969917,-1.2566576,-0.399848342,-3.593761921,0.358544081,0.390037805,-2.200816631
526,0,0,4.638166904,-1.736887336,-1.763103485,-3.723119736,-0.193617105,1.471334219,-0.750643551
527,4,4,1.971479654,-1.803039432,-0.100491323,-2.30009985,4.69755125,-0.540560007,-2.399235249
528,0,0,4.433659554,-1.31722486,-0.985373497,-2.497297764,1.145811796,-0.217997968,-2.363223076
529,0,0,5.169943333,-2.319097281,-0.18195726,-3.245899916,2.128229618,-0.864034414,-2.899348021
530,0,0,4.36395359,-3.343753338,-2.481066704,-2.532728195,1.755123615,0.322099775,0.033008635
531,0,0,4.997426987,-1.123179555,0.169243246,-2.909258366,0.227817833,-0.359742284,-3.109059811
532,2,2,1.358005881,-0.95305407,4.222823143,-1.834505796,-2.986411095,1.111727715,-1.167110443
533,0,0,4.737287521,-1.659766793,0.402112156,-3.209373951,0.019218691,-0.048364706,-2.273399115
534,4,4,3.124663115,-1.995047331,-1.068355203,-3.376801014,5.449458122,-0.090147562,-2.900423527
535,0,0,4.782973766,-0.672202229,0.149305657,-3.104231596,-0.63690263,-0.035507049,-2.534955502
536,0,0,5.269589901,-1.70590806,0.716356874,-2.652570009,-0.318881989,-0.517371118,-2.754413128
537,0,0,5.809309483,-1.911080122,-0.896851599,-4.167869091,-0.692825079,1.81158936,-2.235882759
538,0,0,5.555704117,-1.562605858,0.473867536,-3.341570139,-0.389324844,-0.059026107,-3.197267771
539,2,2,0.895880163,0.288652092,4.840650558,-0.585318208,-1.547892809,-0.802957296,-2.750014544
540,0,0,5.506211758,-0.420169741,0.842734516,-4.725664616,-0.305740148,-0.170216739,-3.248016357
541,2,0,3.695531845,-1.431695938,3.595789194,-2.095795155,-0.344955146,-0.523986936,-4.074930668
542,0,0,4.750977516,-1.347527862,-1.27272284,-3.575780869,0.424954414,0.792925596,-1.833464265
543,0,0,4.508044243,-1.226509452,-0.128891557,-3.363714457,0.712214887,-0.197490811,-2.07927537
544,1,1,2.10553503,3.997884274,0.514671624,-2.752728939,-0.200662658,-0.821008682,-2.984456062
545,0,0,5.030079842,-1.610938907,-0.476030916,-3.010265112,-0.666502953,0.765753925,-2.168004036
546,0,0,5.20481205,-1.636180282,0.635067105,-3.909703493,0.51418072,-0.248428032,-2.606046438
547,4,4,2.558058739,-1.191135764,-0.413930535,-3.072420597,5.088429451,-1.338649035,-2.129719496
548,0,0,5.01965189,-2.465043306,-0.333072901,-3.854767084,0.343083233,1.193161726,-2.142787695
549,4,4,1.903879166,-0.929228306,-0.662124634,-2.060231447,4.001424313,-0.51169157,-1.94292438
550,4,4,1.785125852,-1.453018904,-0.337844878,-1.88499105,4.918578625,-0.808637083,-2.451851845
551,0,0,4.853764534,-0.545208633,2.501924276,-3.705014944,-1.279676914,-0.114012957,-3.740913391
552,0,0,3.503190517,0.564429045,0.506928623,-3.051588774,-1.622397542,1.034244299,-2.306613207
553,0,0,4.742468834,-0.76017946,0.474971324,-3.092141628,-0.452256829,-0.064034395,-2.601729631
554,0,0,4.538051128,-1.623883247,0.144071132,-1.477849364,0.588115335,-1.215833902,-2.647613764
555,4,4,1.628079176,-2.001882315,-1.883715868,-1.952001572,5.110023975,-0.815583229,-0.123080581
556,5,5,2.894180059,-0.548069358,-0.464505464,-3.263831854,-2.180515766,4.742576122,-2.302020073
557,0,0,3.8452456,-1.860574961,0.945512295,-1.273139358,0.335933536,-1.000000238,-2.284950495
558,0,0,4.305850983,-1.760027409,0.08817257,-2.967060804,1.062988758,-0.117328078,-2.170386553
559,0,0,4.214668274,-2.348237276,-1.002713442,-2.469678164,2.989139557,-0.845353842,-2.107095957
560,6,6,1.191961646,-1.030632615,-0.299626201,-2.718793631,-0.21770817,-1.005586863,3.887948275
561,0,0,4.917616844,-0.798581362,-1.144403338,-4.467402935,-1.981068969,2.860394478,-1.76989615
562,0,0,5.076615334,-0.886223078,0.799400806,-3.944843054,-0.477489024,0.514014125,-3.370256662
563,2,2,1.204831719,-1.413909197,4.934651375,-0.268119276,-0.749217331,-0.740646243,-2.667412043
564,0,0,4.433870316,-1.16155231,0.720808864,-1.868537426,-1.583696485,0.182677135,-2.519556046
565,2,2,2.830018282,0.731135368,4.199160099,-2.593735456,-0.865036309,-1.487335086,-3.696600437
566,0,0,5.112760067,-1.482916355,0.641254008,-2.710156679,-0.326449841,0.04444756,-3.424568892
567,2,2,3.417287827,-2.608049393,4.440198421,-2.264115572,-1.673663735,0.023842867,-2.412363529
568,0,0,5.217426777,0.117530212,-0.034476794,-4.192898273,-1.44817698,0.702556551,-2.922498226
569,2,2,-0.566038847,-0.776450634,4.807789326,-0.401138067,1.146865606,-1.155182719,-1.806414366
570,0,0,4.277204037,-1.66524744,1.734847307,-2.666517973,-0.044652198,-0.361890912,-3.15680027
571,0,0,4.58642292,-2.374254704,-0.854435325,-2.096458912,1.303728223,-0.14013949,-2.157930851
572,0,0,5.252837181,-1.898120642,1.604587674,-3.648501396,-0.50409776,0.222133398,-3.180786848
573,4,4,1.557145596,-2.179617882,-2.471807241,-2.083255768,5.248936176,-0.4185417,0.283919096
574,0,0,5.31381321,-2.009618282,-1.59896946,-4.561893463,1.510591984,0.935912549,-2.022498608
575,0,0,4.327301979,1.519871116,-0.309759766,-3.127552032,-0.759082317,-0.387413412,-2.917401314
576,5,5,2.156169891,-1.315077901,-0.098733976,-3.81394577,-0.240514696,4.495381832,-2.010077953
577,2,2,1.747310877,0.495786071,5.128687859,-2.824380636,-0.885090411,-0.329306036,-3.522579193
578,0,0,5.038788319,-1.939494371,-0.30433771,-3.329503298,0.056252521,0.668198884,-2.281972408
579,5,5,0.007120252,-2.089016676,-1.943194628,-1.72057128,2.915952682,4.71718502,-1.23684442
580,2,2,1.484168053,-1.177886724,4.775148869,0.279786199,-1.198279381,-0.595698237,-3.469645023
581,1,1,1.21175766,3.78041935,-0.816248715,-2.603341818,1.043705106,-0.508555949,-2.119599819
582,0,0,5.614555359,-0.723093271,2.308503389,-4.087198734,-1.366730094,-0.708968639,-3.540710926
583,0,0,5.240632534,-0.832807481,-0.214828908,-3.732991457,-0.270405143,0.814571023,-3.204628944
584,2,2,1.085172534,-0.56550467,5.497533321,-0.663629532,-1.162840366,-0.959271252,-2.900839567
585,0,0,4.698615551,-1.131535292,1.51940906,-3.07975769,-0.630554855,0.166102499,-3.614412308
586,4,4,1.687060118,-1.417804122,-0.331504285,-2.22413516,4.902986526,-0.16489169,-2.477418184
587,0,0,4.412248611,-2.356567144,-0.658332825,-2.370296717,3.213684797,-1.008638024,-2.554542065
588,4,4,0.860166371,-2.443466187,-1.358091712,-0.121979564,5.697447777,-1.088358879,-1.041038394
589,2,2,1.328277946,2.119229078,4.172743797,-1.895323157,-1.349137783,-1.29341495,-3.021516323
590,0,0,5.198588371,-1.487049341,-0.017577909,-3.302564621,-0.10317035,0.234228685,-2.807584286
591,0,0,5.12850666,-0.36679703,1.448665619,-4.91108942,-0.535558522,0.192506522,-3.280352354
592,5,5,2.282903671,-0.985943377,-0.115064144,-3.779049873,-0.960716486,4.459994793,-1.690863132
593,0,0,5.068212032,-0.901631832,1.187480688,-3.286417007,-0.979433835,-0.399645865,-2.856403828
594,2,2,3.283816576,-1.739356995,4.264974594,-2.85118413,-2.10342145,0.748076081,-2.753063917
595,1,1,1.567182302,4.681507111,0.908341765,-2.121159554,-1.440190792,-0.041839715,-3.596626282
596,0,0,4.855669975,-2.899724483,-1.627668142,-2.255647659,2.187897205,-0.463900506,-1.823401332
597,2,2,2.10447979,0.360233665,3.882278204,-2.838013887,0.049467273,-1.190675259,-2.817486286
598,2,2,2.195524216,-1.151502848,4.830113411,-2.328518391,-0.503662586,-0.299719155,-3.283647299
599,5,5,3.87886548,-2.043171167,-1.73889482,-4.312700748,-0.103706785,4.550411701,-2.146863937
600,0,0,5.222396851,-0.741162956,-0.019263135,-4.515318394,0.047491144,0.733614147,-3.34175396
601,0,0,4.336314201,-2.079147577,-1.294761777,-3.959293842,0.421992809,2.253740549,-1.732990861
602,0,0,5.226165771,0.795301497,0.210124552,-4.084742546,-0.612805009,-0.243167847,-3.73694253
603,0,0,4.787313461,-1.760918736,0.547864318,-3.106275082,-0.182275027,0.362863332,-2.706584454
604,0,0,4.402605057,-3.477132559,-1.841143131,-0.891253948,2.460352898,-0.585617542,-1.580242991
605,0,0,4.302289486,-0.694607496,0.99044019,-1.925053358,0.469697118,-1.818444133,-2.943491697
606,2,2,1.677940607,-2.321816921,4.331550121,-0.687251866,-1.44562757,1.409658432,-3.28033042
607,0,0,5.641204834,-1.029007077,0.445563465,-4.270153046,-0.643110514,0.508852303,-3.062134027
608,0,0,4.456407547,-2.00679183,0.646043956,-2.799429417,0.286420465,-0.103515506,-2.456092834
609,1,1,0.590113997,4.630568504,1.521505237,-1.406211495,-1.693441868,-0.476822257,-2.640430689
610,0,0,5.106443405,-1.127114296,-0.148566812,-3.07908082,-0.297841132,-0.070146561,-2.630560637
611,4,4,2.704855442,-1.504994273,-1.077877879,-3.820576668,4.570442677,-0.066829138,-1.484953403
612,0,0,5.654823303,-1.237775326,1.030878067,-3.213364124,0.42974773,-1.182232141,-3.636463165
613,0,0,4.64603138,-1.740525961,1.014980435,-3.517113924,-0.937811792,0.658911884,-2.041330814
614,0,0,5.008637905,-0.366887718,0.200428843,-4.233303547,-0.534338057,0.473727107,-2.718417883
615,0,0,5.370827675,-1.478698969,0.543321908,-2.597350597,0.506780028,-0.708312452,-3.910663366
616,1,1,0.490198255,4.234678745,0.007473581,-2.493438005,-1.050743937,1.923997402,-2.506868362
617,0,0,5.243910313,-2.06658721,-1.811764359,-2.650115967,1.551418543,-0.486396998,-1.803904891
618,1,1,1.714726806,4.677876949,1.083042383,-2.75809598,-1.041631937,-1.416738391,-2.291189194
619,0,0,5.575152874,-1.307214022,0.640298784,-4.21688652,-0.355748355,0.03735508,-2.83372736
620,0,0,2.847062111,-1.676972151,0.555895209,0.226498097,2.035723448,-1.996516705,-2.707149506
621,0,0,4.983932018,-1.915129423,-1.186123371,-3.758109331,1.656764865,0.069891363,-2.046509027
622,2,2,2.505975962,-1.710052729,4.451070786,-2.936550856,-1.285639524,1.039594054,-2.740615129
623,0,0,5.35572052,-0.765905678,1.688566566,-4.221426487,-0.541806936,-0.364497155,-3.521005154
624,0,0,5.790503979,-1.082984209,0.255481571,-4.355203152,0.026239272,0.609547019,-3.903958321
625,0,0,4.959723473,-1.925330281,-0.098510444,-2.899012804,0.670468807,-0.528146029,-2.323995113
626,5,5,1.602437854,-1.794438601,-0.614800811,-3.395404816,-0.141945958,4.35430479,-0.512317002
627,0,0,4.593405247,-1.751064777,0.117924437,-3.723442078,0.456633627,-0.247671857,-1.007450581
628,0,0,4.811784267,-1.658382177,0.962738931,-3.008728504,-0.507799089,-0.172540352,-2.416255951
629,5,5,4.362894058,-2.574648619,-1.333708525,-4.032138824,-0.690584123,4.813234806,-2.561976671
630,0,0,4.343711853,-0.601742566,0.291738033,-2.192710161,-0.742049515,-0.07073164,-2.734699726
631,0,0,5.817955971,-0.218177378,0.435564697,-4.422062397,-0.511188149,-0.121130913,-3.633230686
632,0,0,4.520254612,-1.438046694,-0.162835956,-2.779190063,-1.59310782,1.587351918,-2.08602643
633,2,2,1.655478716,-1.517933846,5.01855135,-2.567311049,-0.621071517,0.320495725,-2.555505753
634,0,0,5.675487041,-0.340590477,1.289039254,-4.673620224,-1.001522303,0.316555679,-4.034015656
635,0,0,4.995323181,-0.342636734,-0.660583138,-4.192987919,-0.645161331,1.907564402,-3.456965685
636,1,1,2.049395561,5.080702782,0.601071119,-2.924433947,-0.866643906,-0.490636379,-3.725389719
637,0,0,5.536628246,-1.144272685,-0.921549082,-3.653014421,0.313258588,-0.170177087,-2.280127764
638,4,4,2.960360289,-1.546827197,-1.866196394,-3.253529787,4.883087158,-0.560864925,-1.41415143
639,5,5,2.566237211,-1.408440471,-0.611237943,-4.048275471,0.109759577,4.361358166,-2.082900524
640,4,4,0.404073834,-1.24554348,-1.123476863,-1.3075068,5.934578896,-0.47986877,-1.609661579
641,0,0,4.11346817,0.052655876,1.84705472,-3.181215525,0.165246218,-1.815200329,-2.805634737
642,0,0,4.528696537,-2.723451376,-0.204096034,-3.171281576,0.66787523,0.688237309,-1.74132669
643,5,5,3.002882004,-3.162273645,-0.637087107,-3.313787699,-0.208102137,4.761804104,-1.727621078
644,0,0,5.857590675,-0.796924293,0.678249717,-4.645032883,-0.676591218,0.49034676,-3.761254072
645,2,2,2.275413513,-1.572566032,4.094949245,-3.098671675,-0.005882954,0.248850793,-2.718993902
646,2,2,3.749671221,-0.85495919,4.19174242,-3.645825863,-0.772632837,-0.719963074,-3.462040424
647,0,0,4.521021366,-1.663594961,-0.77978009,-2.477659941,0.546088398,-0.149650976,-1.644719481
648,0,0,4.65455246,-2.441461086,-1.191210985,-3.797369719,0.405370295,1.801241159,-1.597535849
649,0,0,4.477255344,1.891342521,-0.306333989,-3.808886051,-0.622059345,-0.064381048,-3.313254356
650,0,0,4.803098679,-0.139995903,-0.852262735,-2.729052067,-0.913799524,0.386451572,-2.38541317
651,0,0,4.738852501,-0.865303397,-0.245110005,-3.158648014,0.935070813,-0.361410797,-3.006176472
652,5,5,2.502108097,-2.398836613,-0.091864899,-3.68345499,-0.287342459,4.921122074,-2.059360266
653,0,0,4.672044754,-2.045871496,0.074950181,-2.257222176,-0.721323907,1.142362833,-2.540860415
654,0,0,5.455452919,-0.808294535,-0.903952599,-3.500557423,0.598953426,-0.547883332,-2.883860588
655,0,0,4.591051579,-2.133768559,-0.908078849,-3.671312809,0.04227291,1.246897578,-1.322103381
656,0,0,5.149756908,-0.734998882,0.841139019,-4.203285217,1.435291052,-0.974205256,-3.741000414
657,0,0,5.814509869,-1.007752061,0.816753209,-4.460649967,-1.323778152,1.088396668,-3.619182825
658,0,0,5.675115108,-0.94263792,0.744301856,-3.925281048,-0.336221635,0.230855748,-3.948559523
659,4,4,1.3270818,-1.786774516,-1.217082381,0.307150096,3.800505877,-1.167497635,-0.998842835
660,6,6,0.955014169,-1.847975254,-1.208457112,-2.780742407,0.196172446,0.769465327,3.877977371
661,0,0,4.900364876,-0.942372262,1.346795678,-4.003761768,-0.538952649,0.850291371,-3.809000492
662,0,0,5.654552937,-2.132086992,-1.097907424,-4.334449768,0.691730797,0.654123724,-2.012990236
663,2,2,0.924977303,0.205925941,5.954318047,-3.261207342,-0.718274355,0.104581341,-2.910283089
664,0,0,5.031178474,0.219687328,1.487650633,-4.337722301,-0.603907645,-0.317158729,-3.732885838
665,0,0,4.590858459,-1.526233554,-1.248935103,-3.473575354,1.666150689,0.088525534,-1.889401317
666,5,5,2.257205486,-0.99246484,-1.047314167,-3.773809195,0.424604148,3.220748425,-0.791522205
667,0,0,4.709461212,-1.75117898,0.567022622,-3.193833828,0.879003704,-1.069181085,-1.999897361
668,5,5,3.051875114,-1.703433514,0.341432899,-4.138707161,-0.984100699,4.889283657,-2.756993055
669,0,0,5.203048706,-0.781360865,-0.22836794,-4.157886982,-0.821990073,0.642196417,-2.449191093
670,2,2,1.993977308,-0.507619262,4.968698978,-1.830011129,-0.953785479,-0.859769344,-3.277863503
671,0,0,4.718976498,-0.25708127,1.18222332,-3.25440979,-1.065462232,-0.524085402,-2.568240643
672,0,0,4.867996216,-0.449062288,-0.565764666,-3.395162821,-0.302792072,0.274428189,-2.552461624
673,0,0,4.551366806,-0.302302778,-0.657114327,-4.100537777,0.587998569,0.099350721,-2.182060957
674,0,0,4.482343674,-0.805970311,1.442105055,-3.942260027,-0.497133613,0.392486572,-3.004392624
675,1,1,0.51294601,3.946584702,2.035564899,-0.903129697,-1.480475903,-0.543771803,-2.922915936
676,5,5,1.681052566,-2.125413656,0.697629035,-2.433425903,0.560811877,4.116588116,-2.845140934
677,0,0,4.376364708,-0.990579724,0.11966686,-3.752306223,-0.788475215,0.282030821,-0.98025167
678,1,1,3.033539057,4.29172802,-0.229328156,-3.135603428,-1.566185594,-0.56653899,-2.930048466
679,0,0,4.792463303,-0.960979939,-0.305177063,-2.710211039,-0.343715787,-0.054764971,-2.417436123
680,0,0,5.494627476,-0.998456717,0.009475667,-3.696609497,-1.088162184,0.551973283,-2.770725012
681,0,0,4.930223942,-2.229053497,-0.631204903,-3.593171835,-0.150026008,1.424780011,-1.778710842
682,2,2,1.78790164,-1.458364248,5.572767735,-1.606970429,-0.514046133,-0.736006618,-3.276218891
683,2,2,0.1342659,-0.292885184,6.529150963,-2.041707277,-0.716760576,0.207958817,-3.203092813
684,4,4,2.772065163,-1.768639922,-0.415876031,-3.686957359,4.507095337,-1.012577653,-1.178674459
685,4,4,1.458021522,-1.420287371,-0.161168277,-1.851459622,5.060023308,-0.609410584,-2.544323921
686,4,4,1.608479023,-2.272287607,-0.935346842,-1.8937397,5.550472736,-0.399030924,-1.687767029
687,0,0,5.119524002,0.46864298,-0.241924778,-4.337968826,0.707505286,-0.753748596,-3.198378086
688,0,0,5.991988182,-1.568143725,-0.444544524,-4.278760433,0.173451588,1.208411336,-3.375001431
689,0,0,5.614552498,-1.18926239,1.050309777,-3.888471127,-0.046353925,-0.093695119,-4.073352337
690,2,2,1.978482246,-0.639173448,4.869668484,-3.029500008,-1.038975358,0.237377137,-2.832857609
691,0,0,4.059719086,1.491990805,0.242222488,-3.498862743,-0.756535292,-0.192116886,-3.186958075
692,0,0,4.327591419,-0.618055344,0.308281779,-4.334784508,-1.929672837,2.552065849,-2.422376871
693,0,0,4.89716959,-2.362638474,-0.55340445,-3.68796277,1.018089414,0.801001489,-2.397754669
694,0,0,5.364286423,-0.386956424,-0.202396944,-3.353432417,-0.153347641,-0.325310051,-3.292020321
695,1,1,1.373328924,5.188333511,1.77245605,-2.45302248,-1.774887919,-0.648444653,-3.460332394
696,0,0,5.691792488,-1.171479702,1.849439502,-4.517220974,-0.3563568,0.164416671,-4.266509056
697,0,0,5.716882706,-0.899969518,-0.888522804,-3.773141146,-0.208569229,1.025542855,-3.400341511
698,0,0,5.067756176,-0.585615754,-1.140566826,-3.424918175,0.219772249,0.169095308,-2.489379883
699,4,4,2.975693226,-2.121954441,-1.997962475,-2.884691954,5.683351994,0.112214401,-2.680430174
700,0,2,3.541519165,1.628048182,4.105656147,-3.683217764,-2.407631397,-0.629124761,-3.881241322
701,0,0,5.283135891,-0.396293521,-0.030542186,-2.843799114,-0.30921942,-0.384462535,-3.519309282
702,0,0,4.981520653,-1.007532001,-0.199385628,-3.25669837,0.150427684,0.33482638,-2.946216106
703,2,2,-0.105389595,-1.048564792,5.6086483,-0.871985793,0.364624113,-0.693315685,-2.23895669
704,5,5,3.072766781,-1.156557918,-0.081211299,-4.619213104,-1.472401977,5.008467674,-2.222216845
705,5,5,2.467080116,-1.134446263,-0.507696152,-3.023125648,-0.81172961,4.342778683,-2.120305538
706,0,0,5.562868595,-1.171455503,1.101814866,-3.508635044,-0.515927196,-0.076093838,-3.848454714
707,0,0,5.054098606,-2.440192938,-0.057515632,-3.278334856,0.16683957,1.729758143,-3.271541357
708,0,0,5.566492558,-2.93655014,-1.61655426,-2.820724487,0.569384098,1.278776646,-2.455104589
709,5,5,3.480630398,-0.826368928,0.061275799,-5.526675224,-2.084146738,5.38719368,-2.224008799
710,0,0,5.082226753,-0.724199533,1.619568467,-3.817859888,-0.419373542,-0.928306103,-3.082250834
711,0,0,4.659627914,-1.102394581,-0.626013875,-3.684731245,0.441048414,0.807434082,-2.502990246
712,0,0,5.451303959,-1.609968662,0.16234462,-3.680721283,0.308815449,-0.046087164,-2.90880084
713,4,4,0.434635043,-0.720607758,-1.042001963,-1.260763407,4.97695303,-0.067235686,-1.615057945
714,0,0,5.262803555,-1.973793864,-0.323057026,-4.537244797,0.038594238,1.296688914,-2.425182819
715,0,0,5.342502594,-1.095356703,-0.360486984,-2.978846312,-1.191373587,1.078970909,-3.134800673
716,4,4,1.911830783,-1.595598817,-0.31433171,-1.68201375,4.754963398,-0.702504158,-2.606580257
717,2,2,2.672236443,-1.993964791,4.17129755,-2.214516878,-0.849434078,0.312199891,-2.705144882
718,5,5,2.66357851,-1.519565582,-1.017277837,-4.184390068,-1.101478815,4.575580597,-0.630572438
719,0,0,5.229640007,-2.194388628,-0.476144314,-3.773591757,1.06552577,0.790138483,-3.122769594
720,1,1,1.24721837,4.472572803,1.33675468,-1.388997555,-1.404233813,-0.990378976,-3.058434963
721,0,0,5.091148376,-1.786274433,-1.711561918,-4.020104408,0.33729279,2.167172194,-2.15585947
722,0,0,5.683697224,-0.172899112,1.684199572,-3.532464981,-1.383109689,-0.393510997,-4.449191093
723,0,0,4.614954472,-1.414664149,3.330207109,-1.898528457,-0.774277151,-1.955601573,-3.834802389
724,5,5,2.017302036,-0.770212054,1.484059334,-3.428489685,-2.384569168,4.683291912,-2.529324532
725,0,0,5.576838493,-0.779251695,-0.733271062,-4.021270275,-1.045639753,1.417775154,-2.906243563
726,0,0,4.309999943,0.121570274,2.595665216,-2.696971416,-2.065593243,-0.759967983,-3.242260456
727,0,0,4.791239262,-0.704853773,0.650122225,-3.541329145,-0.994446635,-0.066000968,-2.264823914
728,0,0,5.604027271,-0.086980425,0.000470558,-3.990703583,-1.110410452,0.217408732,-3.011437178
729,0,0,4.959321976,-1.84789443,-1.442841768,-2.666580439,-0.074618027,0.825323701,-1.841440797
730,0,0,5.484746933,1.099345803,0.576946318,-3.996521711,-1.394304276,-0.653630555,-3.548840284
731,5,5,1.967234373,-2.572730064,-0.4189215,-3.28868103,-0.50346297,4.388161182,-0.473123938
732,2,2,2.329196453,-1.919956684,4.976064205,-1.086493254,-1.316023707,-0.216532484,-2.999700069
733,2,2,2.540685654,-0.39158237,4.540665627,-2.727467537,-0.682855129,-0.391835541,-3.593370914
734,0,0,4.378321648,-0.701775312,-0.248989165,-3.595208168,-0.456359327,1.202851534,-2.419738531
735,4,4,2.123356581,-2.254353762,-1.697829247,-0.429693401,4.753070354,-1.092721939,-1.765690327
736,1,1,1.81710279,4.379423618,1.758631229,-3.380316734,-0.424922079,-1.136253357,-3.040454865
737,2,2,1.863547444,-0.116671287,4.840521812,-1.951287985,-1.252381206,-0.760825872,-2.994931221
738,5,5,2.908390522,-2.084476948,-0.991131723,-3.06943965,-0.728336394,5.161969185,-2.375585556
739,0,0,6.104794502,-1.748714447,0.652653873,-4.036346436,-0.004409405,0.22494182,-3.860063314
740,4,4,1.093462586,-2.188459873,-0.872654855,-0.711480498,5.328616142,-1.363977671,-1.063896298
741,0,0,5.052110672,-0.027816847,0.17882365,-3.669813395,-0.87800473,-0.150254264,-2.72161293
742,0,0,5.412761211,0.420648873,1.844950199,-4.491055965,-1.145531893,-0.512547672,-3.907817125
743,0,0,5.870031834,-2.01616931,-0.658345044,-3.012041569,1.381972194,-0.401262045,-3.366626501
744,0,0,5.447490692,0.164090961,0.759068727,-3.166030407,-2.53481698,-0.043713741,-3.055989265
745,0,0,5.377029896,-1.034852028,-0.377639741,-4.56908083,0.78485173,0.408986717,-2.925534725
746,0,0,5.14882946,-0.637892067,-0.204401076,-4.005138397,0.038864113,0.165691018,-2.694293737
747,0,0,5.454697132,-0.784219801,0.075425968,-4.757982731,1.031497598,0.074724123,-3.587893248
748,0,0,5.046685219,-0.034336597,2.166227579,-2.910881996,-0.161443293,-2.07115984,-3.873877525
749,0,0,5.137508392,-0.726308882,0.840585053,-4.052361488,-0.578326643,0.518705845,-3.377235174
750,0,0,4.864120007,-0.609699905,1.051738262,-2.378829956,-0.601795495,-1.036142945,-3.184340477
751,4,4,2.051184654,-2.609132051,-1.053659916,-1.730632067,5.118376255,-0.453638554,-1.322361231
752,5,5,3.17657733,-1.681010842,-0.96819371,-4.919190884,-0.83668077,5.567885876,-1.84999156
753,5,5,2.195357561,-1.581077337,-0.834039927,-2.812120199,-0.013871103,4.392602444,-1.926881313
754,5,5,3.113057613,-1.35298562,-1.161235452,-3.470197439,-0.963404059,4.085319042,-1.463949084
755,5,5,1.431141853,-2.267605782,-0.514808953,-2.669111252,-1.095666766,4.398752689,0.164343417
756,0,0,4.692457676,-0.881691456,-0.069513313,-1.879817247,0.599007845,-1.78376925,-2.484550476
757,0,0,5.382748127,-0.584324777,0.556476653,-4.807656288,0.307570159,0.0878824,-3.564492464
758,0,0,5.077365875,-2.195692778,-0.374310702,-4.00332737,0.028568987,1.729384303,-2.623735189
759,0,0,5.025652885,-1.905574799,0.22972919,-2.826272726,-0.287605166,0.856570005,-3.209517956
760,2,2,2.467662573,-1.28823626,4.455403805,-2.08462286,-0.404245764,-0.476363182,-3.366384268
761,5,5,1.136998296,-0.612484813,0.936323762,-2.093200684,-2.333705187,4.372745991,-1.60315609
762,2,2,3.190737009,-1.629985213,4.392312527,-2.682116985,-1.217569828,0.287679046,-3.361534119
763,0,0,5.61244154,-1.925615788,-1.964442968,-3.501718998,0.884316802,0.381553799,-1.687356234
764,0,0,5.489620209,0.702327967,0.113507509,-3.99133563,-1.08815074,0.269812793,-3.946462393
765,0,0,4.684116364,-1.677777052,2.288209677,-2.220952034,-1.381639838,-0.09192346,-3.371194363
766,0,0,4.796415806,0.046059608,0.61070919,-3.877094507,-0.87522155,0.201300338,-3.020367384
767,0,0,3.968244791,3.194587469,1.190350294,-3.158330917,-1.841196299,-1.107201576,-3.62209487
768,0,0,4.51990509,-0.470717877,0.191088393,-4.19818306,-1.157672048,1.228500605,-1.986885309
769,5,5,3.117230654,-3.07647562,0.312255561,-3.916764975,-0.775205553,4.69993782,-1.791304231
770,0,0,4.716396332,-1.889683247,0.058539856,-3.525715828,1.085666656,-0.040368762,-2.278095007
771,0,0,4.273349762,-2.081266165,0.293446958,-2.283340931,0.93443197,-0.205776438,-2.5402565
772,0,0,4.649202347,0.263804078,0.531975269,-3.414928198,-0.774682462,-0.107561961,-2.938174963
773,0,0,5.206183434,-2.151106119,-0.400057554,-2.870713949,-1.007056117,1.073889732,-2.074123383
774,0,0,5.074522018,0.789954305,-0.983947456,-3.953852892,-1.12106216,1.347913146,-3.368701458
775,0,0,4.914663315,-1.049092531,0.944296658,-3.697300911,-1.012914658,0.460251808,-2.925775766
776,5,5,2.292713642,-1.361990094,-0.085106567,-3.497815371,-0.569506705,4.823994637,-2.572370052
777,5,5,2.453989506,-1.755959749,0.313647091,-3.247829199,-0.770479441,4.507151604,-2.436091185
778,0,0,4.165004253,-3.112824917,-2.203361273,-2.77146244,2.438234329,-0.291104257,0.155777842
779,0,0,4.142156124,-2.415683746,4.000528336,-2.204099178,-0.951333046,-0.730910301,-3.362148762
780,0,0,5.940122604,-1.451890349,0.390993148,-4.410625458,-0.054693125,0.192441344,-3.580107689
781,5,5,2.375243902,-2.126331091,0.516227663,-2.811212063,-1.266894698,4.808264732,-2.263926744
782,2,2,0.807883918,-0.849203408,5.308887482,-1.599090099,-0.714854896,-0.736856401,-2.003052235
783,0,0,4.887193203,-2.095056534,0.319241434,-4.532579899,-0.138397768,1.672066569,-2.52274704
784,0,0,4.889582157,-0.08966177,0.789241195,-3.47860074,-0.486933559,-0.418677956,-3.358612537
785,0,0,5.945142746,-1.633341789,-1.477226973,-3.987876892,-0.873428285,1.289741397,-1.913628101
786,0,0,4.412028313,-1.878075123,-1.662786365,-3.719251394,1.607684731,0.211096942,-0.788256407
787,5,5,2.144317627,-1.468386412,-1.35102427,-3.809613705,0.855523169,4.184067726,-1.3939147
788,5,5,2.151643276,-1.763653517,0.10131105,-3.56249547,-0.653557539,4.464906693,-1.601081967
789,0,0,4.917128563,-0.200130761,0.92395097,-3.100333929,-1.915315509,0.259604543,-3.077433825
790,4,4,1.254492521,-1.377400398,-0.986677885,-2.005607128,5.194961071,-0.387030751,-1.430907965
791,0,0,5.398403168,-0.578902721,1.654086232,-4.12170887,-0.678127766,-0.736844957,-3.539302111
792,0,0,5.227521896,-1.195393801,0.309636712,-3.527963638,-0.080983266,0.600352705,-3.592463493
793,4,4,1.897801399,-1.491697192,-0.694260418,-2.911952257,4.206046104,0.079128608,-1.118396997
794,0,0,4.832298756,-1.331282377,-0.008062382,-3.922493696,0.587872863,-0.092767864,-1.845644236
795,5,5,2.401851416,-1.163107276,-0.289954066,-3.50554657,-0.098680556,4.389742851,-2.671702147
796,0,0,4.558096886,-0.635218024,1.586375833,-2.636990309,-0.270138055,-1.076244831,-3.418101788
797,0,0,4.66753912,1.887108684,0.765837669,-3.309115171,-1.85909903,-0.682646036,-3.53961277
798,0,0,4.533434868,-0.411780536,1.36571002,-2.413617134,-0.034294285,-1.001800776,-3.826059341
799,4,4,2.163527966,-2.357143879,-2.329358101,-2.648096085,5.33420229,0.408355266,-0.942868769
800,4,4,3.195588112,-2.103589296,-1.479821205,-1.644195437,4.42260313,-1.018202782,-2.127207279
801,0,0,5.858462811,-1.250989437,-0.273563117,-4.443233967,-0.077927209,0.267867148,-2.441244364
802,2,2,2.502674818,-1.153979063,4.416553974,-2.267287016,-1.776879668,0.772538841,-3.219495296
803,4,4,0.918256164,-2.177728176,-2.177915096,-0.839414477,5.390195847,-1.046652555,0.223590285
804,0,0,5.015656471,-0.038076013,0.449427158,-2.701435328,-0.855736673,-0.602931082,-3.380932331
805,0,0,5.225811958,-1.576903462,-1.647980332,-2.44416523,0.866580963,-0.516938567,-2.095762253
806,0,0,5.077517509,-2.348132372,-1.552808285,-2.680949926,0.072240144,1.540882111,-1.828203917
807,4,4,0.763331831,-1.182716131,-0.461244076,-1.345064998,5.895031929,-0.932941318,-2.303182364
808,0,0,5.327828884,-0.457966268,-0.043262392,-3.172261953,-0.419085979,-0.62945962,-2.691725492
809,2,2,2.79839325,-1.30834949,4.860823631,-2.305305004,-0.486223131,-0.671262145,-3.695251942
810,0,0,4.965377331,-2.027729511,0.419105738,-3.725190639,1.270672441,-0.527508974,-2.584439278
811,0,0,4.926944733,-1.451637149,-0.834656954,-3.810426474,0.16682072,1.448088527,-2.578375101
812,5,5,1.820420265,-2.69904995,-0.188976377,-3.139973879,-0.784062445,4.463788986,-0.145534426
813,0,0,5.674472809,-1.058957458,1.444975376,-4.252333641,-0.802116811,-0.00543279,-3.621315479
814,5,5,2.619858027,-1.564877868,-0.053671449,-4.123981953,-1.104753971,4.397829533,-1.382553816
815,0,0,4.227220058,-0.547904968,0.537825286,-3.290952921,0.326963931,-0.315989971,-2.590791702
816,0,0,6.009589195,-0.96012938,0.685237825,-4.25729084,0.06543234,0.049011201,-4.508120537
817,5,5,2.666592121,-2.350322962,-0.055421934,-3.089366436,-0.220496669,4.563296795,-2.565534115
818,0,0,4.510956287,-2.347979069,0.42563349,-3.18369031,-2.099387646,2.505037069,-1.840600014
819,0,0,4.65196991,-1.385309458,0.037628241,-3.813812733,0.440826982,0.328392655,-2.290310144
820,2,2,1.046141148,0.718600273,6.093055248,-0.912331581,-2.046729088,-1.167878509,-3.432782888
821,4,4,1.052906752,-2.480015993,-2.663546085,-1.663370609,5.092017174,0.157759666,0.778565407
822,0,0,5.149327278,-2.846482992,-2.258272648,-3.123281956,1.040753365,1.351411104,-1.575134516
823,2,2,2.135147572,-0.464900315,4.868015289,-0.592503011,-1.3172189,-1.207308412,-3.49641943
824,5,5,2.103093147,-1.609532952,0.483709276,-3.647973537,-0.698615909,4.579835892,-2.00363493
825,0,0,5.395009995,-1.458872795,0.776174545,-3.405985355,-0.352167755,-0.347622067,-2.97864604
826,0,0,4.643165112,-2.075944662,0.342419952,-2.465871096,-0.815880656,0.629863143,-2.188401461
827,4,4,1.757883787,-1.16243577,-1.58217454,-2.804765701,4.807479858,-1.129451394,0.036324024
828,1,1,2.21230793,4.797134876,0.488222897,-3.259862185,-1.002639651,-0.413125813,-3.388439417
829,0,0,4.838751793,-0.932617068,0.14803578,-3.012369394,-0.583297133,0.097787321,-2.086390972
830,0,0,5.023088932,-1.281837225,0.625588715,-3.068319321,-0.112210557,0.017751276,-3.314338446
831,5,5,2.693800926,1.820333958,-1.53054285,-3.979678392,-2.402132988,4.206510544,-1.935116529
832,0,0,4.874823093,-0.651106656,-0.171259582,-3.633874178,0.069446988,0.145085439,-2.976609468
833,0,0,4.721323013,-0.829040408,0.048864834,-3.756917477,-0.298401535,1.104936719,-2.975080013
834,0,0,5.007984638,-1.662547827,-0.626517355,-2.799105406,1.659509659,-0.926363707,-2.33139348
835,0,0,5.138983727,-1.387906313,-0.706928849,-4.45451355,0.23918587,1.256859303,-2.500368595
836,0,0,4.609059334,0.333659977,-0.04219418,-3.263035536,0.417575657,-0.558746815,-3.453312159
837,2,2,2.024437904,-0.724583566,4.702092648,-2.654641628,-0.240419298,-0.705908954,-2.744833469
838,0,0,5.27716732,-1.406343341,0.878737092,-3.028343439,-1.957180619,0.914916277,-3.001650572
839,0,0,5.252578259,0.879625678,0.122361027,-3.617927313,-1.2500453,-0.209578335,-3.509117365
840,0,0,4.839783192,-1.29401052,0.095388301,-2.702582836,-0.787670434,0.038691767,-2.109203815
841,2,2,0.962092519,1.004304051,5.656437874,-2.641172886,-1.853039742,0.214179561,-3.004431963
842,0,0,4.229808807,-2.13623929,-0.84326303,-2.574250937,2.888873816,-1.236529708,-1.970662117
843,0,0,4.581304073,-1.991397023,-0.377842009,-3.209163904,-1.36943996,2.408959389,-2.142997265
844,0,0,4.761328697,1.821055055,0.330437779,-4.195813656,-1.368876219,0.032784991,-3.425457954
845,6,6,0.246548057,-1.86065948,-2.143239498,-2.326459885,1.145766616,0.553798556,4.761492252
846,0,4,1.876203299,-2.640898466,-3.927598953,1.180197716,5.225665092,-2.375335693,0.640451789
847,4,4,0.540801823,-1.865192652,-0.735684454,-0.998961449,4.948814392,-0.708775878,-0.683605075
848,2,2,0.631475687,-1.150907516,5.431626797,-1.136498928,-0.473320544,0.026157022,-2.804100513
849,0,0,5.319068432,-0.599725246,0.895099223,-4.40128088,-0.87604022,0.59198761,-3.312009811
850,0,0,5.175674438,-1.005362034,0.279689699,-4.022675514,-0.152505532,-0.019367442,-2.667290211
851,4,4,-0.838093162,-2.674997807,-1.514335871,1.468744397,5.450860977,-0.66437,0.232108802
852,0,0,4.996237755,-0.900990367,0.975603402,-3.753324747,-1.955063581,1.653110266,-3.125466347
853,5,5,2.557608604,-1.043654323,-0.083689004,-3.674140692,-0.487329364,4.767748833,-3.049575567
854,2,2,1.52767539,0.037155643,4.083026409,-2.58834672,0.087620333,-0.655818284,-2.463441849
855,0,0,5.517814159,-1.753771901,-1.23155427,-4.250679493,0.724589348,0.74771446,-2.118991852
856,4,4,1.511417508,-1.817800403,-0.144809604,-0.81404531,4.281590939,-0.717618167,-2.170428038
857,5,5,2.179878235,-1.428241611,-1.80897522,-3.472275019,0.092511378,4.784149647,-1.088134527
858,0,0,5.150079727,0.01144816,0.214033812,-4.415412903,-0.223735288,0.149368718,-3.277562857
859,0,0,5.407576561,-1.44083035,-0.350666761,-3.337071419,-0.715814054,0.879046381,-2.716850281
860,0,0,4.912015915,2.100562811,0.405141056,-4.161074638,-0.269893169,-1.1010077,-3.916528702
861,0,0,5.092300892,-1.347127557,-1.329923987,-4.531847,-0.318892241,2.146579742,-2.112249374
862,0,0,4.838815689,-1.238286972,-0.096611805,-3.595914841,0.201576635,-0.302439332,-1.876613855
863,0,0,5.158405304,-0.303885728,2.418864965,-4.157001495,-1.269765019,-0.160877571,-3.987636566
864,0,0,4.38599205,-0.847678065,0.350617468,-3.676822186,-0.860388577,1.244978786,-2.578906536
865,4,4,0.175639153,-0.507206738,-0.972805321,-0.828068018,5.221633434,-1.079950809,-1.092917681
866,0,0,4.914207458,-0.448271126,0.837431312,-4.151534557,-2.007733107,1.205945611,-2.898412466
867,5,5,2.59935379,-2.149075985,1.264957905,-3.248685598,-2.063024759,5.006865025,-2.376021624
868,0,0,4.909756184,-0.933822036,0.801343143,-2.926315069,-0.885624468,-0.149125531,-2.903139353
869,5,5,2.589965343,-2.152595282,-0.887147486,-3.972544432,0.039102674,4.83295393,-1.650322914
870,0,0,5.359732628,1.274615765,0.070687599,-3.567838192,-1.019682646,-1.072841763,-3.441606998
871,4,4,-0.557446361,-0.12615791,-0.417166233,-0.580017686,5.986911774,-0.960259497,-2.050417185
872,0,0,4.791150093,-1.730074525,0.201101482,-2.740225077,-0.051183183,-0.108272702,-2.259443283
873,6,6,-0.737817407,-1.911063552,-0.309161693,-1.141840935,0.887680411,-0.210891113,4.28875494
874,0,0,5.460280895,-1.140659332,1.020702481,-4.521118164,0.180285648,-0.27653116,-3.180105686
875,0,0,4.826719284,-2.031629562,-0.27610895,-2.923835039,0.362146556,0.594450831,-2.502083302
876,5,5,2.533812523,-0.859370112,-0.550665319,-3.805947542,-0.593302786,4.409124374,-2.262575865
877,0,0,4.583406448,-1.307779312,-0.396905512,-2.466265678,0.199211299,-0.112522587,-2.467596292
878,4,4,1.092642903,-0.885813117,-1.926188469,-2.227584362,5.418677807,-1.076560974,-0.261464775
879,0,0,4.97518158,-0.52251631,1.326681733,-3.032124996,-1.132377267,-0.243983805,-3.60337472
880,0,0,5.850296021,-0.926995456,0.406422526,-3.39461875,-0.782381237,-0.117251024,-3.595979691
881,3,3,0.854336262,-1.496073127,0.675897717,3.765797377,-0.947604716,-0.057113841,-2.420943737
882,2,2,2.336382627,-1.300955772,5.309759617,-3.011678696,-0.946061373,0.044410937,-2.99755764
883,0,0,4.931988239,-1.226027369,-0.718853951,-3.66306138,0.296888232,0.276006699,-1.984146118
884,2,2,1.357520342,-1.305382252,4.387274265,-2.13021636,1.454616547,-1.303105116,-2.389741659
885,4,4,2.113731146,-0.157414675,-0.865024805,-3.510813951,4.395597935,-0.979259312,-1.534290671
886,0,0,3.40365696,-0.655594587,2.741238594,-2.975863934,0.594373763,-1.415321708,-2.814912081
887,0,0,4.893558025,0.250561118,0.282134831,-3.290801764,-0.67277956,0.026476519,-3.345607519
888,0,0,4.673103333,-0.548390508,-0.306385547,-4.474943161,-1.569161415,2.31806469,-2.219285011
889,0,0,4.604111195,-1.784151673,0.207906514,-3.094009161,-0.164233014,0.521247625,-2.265266895
890,1,1,1.492298484,4.3252635,1.73583746,-2.997268915,-0.737955689,-0.994382143,-2.737835169
891,0,0,4.476929665,-1.840967774,0.453482002,-2.478182077,0.212694794,0.008389605,-2.87067461
892,0,0,4.112306595,-2.965344191,-1.044496417,-3.440068007,1.477041245,1.402245641,-1.338766932
893,1,1,2.861922503,5.077912807,0.749218285,-4.053946495,-1.328137875,-0.127022654,-4.123167992
894,0,0,5.518977642,-1.542156219,0.136928916,-2.615905285,-0.550341249,-0.054447368,-3.223393202
895,4,4,2.198609114,-1.498269439,-0.183048397,-2.347785234,4.343203545,-0.729387641,-2.023313046
896,2,2,3.445335865,-0.561571777,3.565943003,-2.498530865,-1.24375689,-0.885452867,-2.984778881
897,1,1,1.392157793,4.694690228,1.72085011,-2.80608964,-1.29250133,-0.788715422,-2.92671442
898,2,2,1.020494223,0.41787526,4.217433453,-2.372040987,-0.437629551,-0.68815577,-1.813347578
899,0,0,4.825330734,-2.008268595,-1.234876871,-2.690804243,0.92743355,0.700339139,-2.502720356
900,0,0,6.119278431,-1.338004112,0.48849237,-4.275930405,-0.441360265,0.440547585,-3.665952682
901,5,5,1.336896896,-2.376666069,-0.916438282,-2.17400527,1.852731943,4.058291912,-1.771162033
902,0,0,4.76395607,-0.679922521,0.560714662,-3.422804832,-1.126901388,0.479498386,-2.514247656
903,0,0,5.293338299,-1.362105846,-0.036002915,-4.061064243,0.069763765,0.914409935,-3.172317982
904,0,0,5.592532158,1.429795027,0.790659368,-4.820744991,-1.658314705,0.171239078,-4.154723167
905,2,2,1.626668215,-0.472854316,4.882715225,-2.842465639,0.299678147,-0.397442311,-3.172500372
906,0,0,4.924448967,-2.67147398,-0.985899329,-3.322015524,-0.114997767,1.78511703,-1.786352277
907,2,2,1.276787758,-1.68978405,5.172612667,-0.711260915,-1.430232048,0.297055304,-2.80724144
908,4,4,0.236806333,-0.942561388,-1.121820688,-1.31160593,5.224301815,-0.612717569,-0.730393529
909,0,0,5.232996464,-1.522948146,-0.423452586,-4.070318222,-1.37547195,1.785080314,-2.137800217
910,0,0,4.119460106,-2.027032375,1.296921372,-1.725989103,-0.621510565,-0.293724924,-2.33753562
911,5,5,2.527074337,-1.497937083,-0.709938288,-3.797291279,-0.294499218,4.631779671,-1.924666166
912,0,0,5.232161999,1.000937819,0.523119926,-3.512687445,-0.921818674,-0.530829966,-4.044296265
913,2,2,3.187379837,-0.740571737,4.03648901,-2.262996674,-0.690882683,-0.942137539,-3.613105059
914,1,1,2.04716897,4.828435421,1.803167462,-3.867452145,-1.110988498,-0.405170858,-3.614649773
915,2,2,0.476303875,0.869971156,4.93051815,-1.845310211,-0.506550014,-0.177430868,-3.125190258
916,5,5,2.597908497,-1.642219424,-0.425788134,-3.817011595,-0.533394754,4.715446949,-1.886581302
917,5,5,3.106129169,-2.785549164,-0.603943765,-3.261171579,-0.54191339,4.694693565,-1.898907185
918,0,0,5.012848377,-1.680285692,-0.808165133,-3.791765451,0.059473306,0.891098142,-1.802162647
919,0,0,5.596881866,-1.588251114,-1.127578735,-3.644506216,-0.273805648,0.860104263,-2.318244696
920,5,5,3.869139194,-1.803573608,-0.306200653,-4.846404076,-1.021431565,5.155292511,-2.87534976
921,5,5,2.324915171,-1.249572515,-0.373377293,-3.781859398,-0.679845333,5.143101692,-2.311445236
922,0,0,5.323709011,-1.163786173,0.327433735,-3.909981489,-0.458119273,0.349799305,-2.821418047
923,0,0,5.703910828,-0.632005453,1.54858911,-4.026022911,-1.531278014,0.425700366,-4.266689301
924,0,0,5.283583641,0.098640308,-0.524562597,-4.597020626,0.348834068,-0.622603416,-2.446376801
925,1,1,0.566397607,5.365982056,2.857647896,-3.25249815,-1.306166291,-0.522431612,-3.173747778
926,0,0,5.067954063,-0.9567976,0.982874632,-2.756239176,-1.583058476,-0.017425522,-3.07060647
927,0,0,5.963366985,-1.099972486,0.335785955,-4.11422205,-0.749668896,0.09585014,-3.133255959
928,0,0,5.265379906,-1.282460213,-0.654944181,-4.086155891,0.379874527,0.876755238,-2.815790176
929,0,0,4.547147751,-1.169755936,0.359297812,-3.695175409,-0.162938982,0.523229539,-2.274012327
930,4,4,0.593289495,-2.584638119,-1.097668648,-0.337334037,5.690844536,-0.812138259,-0.777473807
931,0,0,3.695567131,-2.204786777,1.553337097,-2.526023865,0.074565977,-0.1005584,-1.945803881
932,0,0,5.487483501,-0.915422916,0.387142032,-3.400136471,-0.266877174,0.017734,-3.729283333
933,0,0,4.935594559,-0.727740526,0.1539222,-2.602504253,-0.366341889,-0.077233665,-3.230541229
934,0,0,4.159674644,0.440924108,1.251033425,-3.555922985,-0.60561651,-0.849682748,-2.496218681
935,0,0,4.375282764,-1.924580812,-1.375688791,-3.03262496,1.186731696,0.829278588,-1.893389463
936,2,2,1.222701311,-0.867273271,4.469152927,-1.778080225,-0.130434901,-0.129500151,-2.607850075
937,5,5,2.733999252,-1.75800252,-1.047633886,-4.118280888,-0.063601054,4.455915451,-1.350224137
938,2,0,3.721929073,-0.266364694,1.244673014,-3.889051437,-0.188346297,0.959167242,-3.16174674
939,0,0,5.685829639,-0.719193339,1.473541737,-4.523045063,-1.320755005,0.386163384,-3.688187122
940,0,0,5.515202522,-1.220625997,1.541183114,-3.656356335,-0.682496727,-0.108882472,-3.746816874
941,0,0,5.537000656,-1.680381417,0.512430608,-3.640673161,0.676879525,-0.388979703,-3.386073112
942,4,4,2.220232964,-2.248850822,-1.006770372,-1.563414335,5.211425781,-0.892647266,-2.017622709
943,2,2,2.811460018,-1.800130963,5.187036514,-2.330682993,-1.46389854,0.300218225,-3.599772453
944,5,5,1.557387471,-1.18729341,-0.025124066,-3.090887308,-1.048344135,3.983626842,-0.70923388
945,5,5,2.523466587,-1.91865778,0.188594162,-2.757061005,-0.247047186,4.39414835,-3.078666687
946,0,0,5.189408779,-0.658920467,-0.188603565,-3.918026209,-0.771518648,0.744518697,-2.901229382
947,0,0,5.229230881,-1.800100327,0.786555052,-2.84612155,-0.205852523,-0.403831333,-2.925813675
948,0,0,4.775470257,-1.088456273,0.09988685,-3.204017162,-0.759263337,0.473950744,-2.515941858
949,0,0,4.777060986,0.062357783,0.909491003,-3.562927008,-1.092987061,-0.36105752,-2.869334698
950,4,4,0.964598894,-2.006772757,-0.709850788,-2.529595852,5.738186836,-0.365753144,-0.820476055
951,4,4,1.99887991,-1.329541802,-1.633857846,-2.540522575,5.214718819,-1.271855712,-0.913834929
952,4,4,2.209046364,-1.682431459,-0.579658151,-3.942854881,4.916759014,0.667210102,-2.077894449
953,0,0,3.7983284,-0.192233354,-1.848886847,-2.279315233,0.335691214,1.14428854,-2.648176193
954,0,0,5.5734272,-1.539852977,-0.154339045,-4.609758377,-0.187176108,0.8806113,-2.605100393
955,1,1,2.127040625,4.408886433,0.305476367,-3.324550629,-1.404966593,0.004258716,-2.625229597
956,1,1,1.738715172,4.482087135,0.750584662,-2.599749565,-1.168719172,-0.408084273,-2.998046875
957,4,4,0.6337924,-2.14373827,-1.764066696,-1.326071501,5.158469677,0.399276018,-0.362117618
958,0,0,5.396164417,0.119154647,1.031548738,-4.813462257,0.428995043,-0.841692924,-3.584780693
959,0,0,4.661073208,-2.410914421,0.304437011,-2.408226728,0.67990911,-0.188838869,-2.567294121
960,4,4,0.060454488,-1.8287009,0.037561923,-0.712280035,5.183688641,-1.52521801,-0.306468755
961,0,0,4.864396572,-0.466289461,0.764019668,-3.483894825,0.375690818,-0.47019878,-3.57250452
962,0,0,5.134175301,-1.958524227,0.02080125,-3.109805107,0.513189733,-0.06497816,-2.535079241
963,0,0,4.979853153,-0.630930662,1.993262291,-2.926957369,-1.224790812,-0.707111478,-3.744114161
964,2,2,0.643262446,-0.066010706,5.719938278,-2.477877378,0.561261296,-0.760932207,-3.26300621
965,0,0,3.68851614,0.153445825,-0.410214245,-2.361095905,-2.212403536,2.275757551,-2.621141672
966,0,0,5.600271225,-1.408384919,-0.397391796,-4.25605011,0.892357767,0.648424506,-3.656881094
967,0,0,4.778501987,-0.781635702,0.576005638,-1.139346123,-0.720350742,-1.196644068,-3.175024033
968,0,0,5.166032314,0.035623983,1.343780518,-3.506305218,-0.46036309,-0.414112508,-4.303387642
969,0,0,5.037542343,-0.333886862,-0.000956705,-3.676471949,-0.583713233,0.253392518,-3.016346931
970,0,0,5.681705952,-1.592706919,0.157919571,-3.474870205,0.280123085,0.10098961,-3.426775455
971,0,0,5.119078159,-1.066374063,0.660235226,-3.557677746,0.269709438,-0.171804011,-3.445669413
972,0,0,4.114192963,-0.954818308,-0.145715684,-2.107411861,1.262060165,-1.540287733,-2.112257957
973,0,0,4.338020325,-0.575080276,0.29984498,-3.519804001,-0.485631883,0.596302509,-2.464661837
974,5,5,2.828114033,-2.085801125,-0.306420147,-3.350182295,-1.040697098,4.983311176,-2.335759878
975,4,4,1.295851707,-1.625838518,-1.306339264,-1.821178317,5.415723324,0.100980073,-1.844779134
976,2,2,2.516491652,-0.829347968,4.534333229,-2.577810526,-0.796067715,-0.837275505,-2.57557106
977,4,4,0.924655616,-2.035284758,-1.292666316,-2.063417912,5.233517647,0.289796442,-0.794336975
978,0,0,4.839949131,-1.064030409,0.194511831,-4.227873802,0.136572689,0.129439294,-2.080425739
979,4,4,0.941161752,-0.694723427,0.380789876,-1.720636368,4.303864479,-1.918452263,-0.819844007
980,5,5,3.217319489,-1.42242384,-0.106991589,-4.521567345,-1.552247286,4.590223312,-1.675779819
981,0,0,5.442835808,-1.202041984,-0.153446957,-3.869801998,0.798955083,-0.702255726,-2.567367792
982,1,0,4.211277485,-0.070454456,1.706195235,-3.29463172,0.041603558,-1.194517851,-3.031514883
983,0,0,4.834377289,-0.992631555,1.307586312,-3.027197361,0.23882395,-0.778286815,-3.545803547
984,2,2,1.060400128,-0.337552339,6.120317459,-2.327888012,-0.93716836,-0.362277299,-2.970049381
985,5,5,2.727143049,-2.777692318,-0.581047773,-3.387950659,-0.778335989,4.521038055,-0.803787589
986,0,0,5.210130692,-2.068824768,-0.449177235,-3.571824551,2.416897535,-0.599995017,-3.070960045
987,0,0,4.587234497,-2.645637989,-1.024630189,-2.511240959,1.214091063,0.829174638,-2.350472689
988,0,0,4.822738171,-0.423133135,2.965498447,-3.143253565,-1.27994144,-0.749292314,-4.30693531
989,0,0,4.476987362,0.736175239,0.13467814,-3.346977234,-0.283968002,-0.75119251,-3.031617165
990,0,0,4.099034786,-1.872414351,0.835113347,-2.224420786,0.189646021,-0.146729127,-2.482401133
991,0,0,5.080469608,-1.466747284,-0.427325964,-3.775081635,0.461148322,0.946036518,-2.974687099
992,0,0,5.179824829,-0.577830076,-0.317388028,-4.633343697,-0.339120537,1.043761015,-2.745318174
993,0,0,4.677997589,-2.233567476,-0.615237772,-2.391189098,0.881332874,0.199612916,-2.31161046
994,4,4,1.782080293,-1.714118719,-1.423969865,-2.020721436,4.463260174,-0.762870312,-0.646651447
995,0,0,5.200512409,-0.859764218,0.347486734,-4.211858749,0.245969877,0.084222957,-3.223161459
996,0,0,5.508961201,-1.755599976,-0.069217257,-3.456379414,-0.168605715,1.103519082,-3.58615303
997,5,5,1.568046331,-2.320306063,-0.260552257,-2.17915988,-0.6101318,4.689731598,-1.332436562
998,2,2,2.640587568,-1.16908896,4.53843689,-2.345174313,-0.909488201,-0.292167068,-3.310243368
999,0,0,5.373205185,-1.59679544,-0.554715872,-4.321089268,-0.452839732,1.621359229,-2.629832506
1000,0,0,5.395196915,-1.508016467,-0.330233514,-4.345434189,1.7312572,-0.039700158,-3.37795496
